startTime,Open,High,Low,Close,Volume,Turnover
1696323900000,27598.5,27599.5,27594,27599.5,100188,3.63026321
1696323960000,27599.5,27599.5,27598,27599.5,244,0.00884097
1696324020000,27599.5,27599.5,27596,27597,47484,1.72055954
1696324080000,27597,27600.5,27597,27600.5,100183,3.63014736
1696324140000,27600.5,27601,27599,27601,83832,3.03733618
1696324200000,27601,27602,27600,27602,54816,1.98601503
1696324260000,27602,27602,27600,27602,288,0.01043418
1696324320000,27602,27602.5,27600,27602.5,76073,2.75606852
1696324380000,27602.5,27604,27596.5,27600.5,340741,12.345128
1696324440000,27600.5,27600.5,27596.5,27600.5,217,0.00786274
1696324500000,27600.5,27600.5,27596.5,27600.5,227,0.00822525
1696324560000,27600.5,27600.5,27596.5,27600.5,199,0.00721071
1696324620000,27600.5,27602.5,27596.5,27602.5,204731,7.41802623
1696324680000,27602.5,27602.5,27599.5,27602.5,204,0.00739072
1696324740000,27602.5,27607,27599.5,27607,199747,7.23608459
1696324800000,27607,27608,27605.5,27608,272694,9.87769569
1696324860000,27608,27608,27598.5,27602,286421,10.37623749
1696324920000,27602,27602,27596,27602,301,0.01090632
1696324980000,27602,27602,27592,27593.5,224723,8.14377884
1696325040000,27593.5,27593.5,27576,27577.5,852806,30.91769634
1696325100000,27577.5,27577.5,27572,27572.5,188266,6.827895
1696325160000,27572.5,27572.5,27568.5,27571.5,283410,10.27977483
1696325220000,27571.5,27571.5,27555.5,27556,320977,11.64565433
1696325280000,27556,27556,27552.5,27554,199525,7.24121403
1696325340000,27554,27554,27541,27547.5,643623,23.36681412
1696325400000,27547.5,27549,27540.5,27547,424965,15.42973738
1696325460000,27547,27562,27546.5,27562,792237,28.7521945
1696325520000,27562,27564,27561.5,27564,201499,7.31049966
1696325580000,27564,27566.5,27561.5,27561.5,403989,14.65601692
1696325640000,27561.5,27562,27551,27552.5,459979,16.69215046
1696325700000,27552.5,27552.5,27550,27550.5,51992,1.8871868
1696325760000,27550.5,27558.5,27548,27558.5,436556,15.84542782
1696325820000,27558.5,27568,27550,27568,252273,9.15307053
1696325880000,27568,27573,27564.5,27573,350658,12.71998743
1696325940000,27573,27579.5,27573,27579.5,247675,8.98232149
1696326000000,27579.5,27579.5,27574,27574,219944,7.97639241
1696326060000,27574,27574,27563,27565.5,386870,14.03316724
1696326120000,27565.5,27565.5,27562,27565.5,163,0.00591345
1696326180000,27565.5,27565.5,27554.5,27557.5,284430,10.32076077
1696326240000,27557.5,27557.5,27551,27556,165106,5.99195769
1696326300000,27556,27558,27555.5,27558,134455,4.87923774
1696326360000,27558,27558,27555.5,27558,257,0.00932615
1696326420000,27558,27560.5,27555.5,27560.5,68603,2.48940379
1696326480000,27560.5,27567.5,27557.5,27567.5,446925,16.21420981
1696326540000,27567.5,27568.5,27564,27568.5,62581,2.27004686
1696326600000,27568.5,27568.5,27564,27568.5,268,0.0097215
1696326660000,27568.5,27571.5,27564,27571.5,191136,6.93319962
1696326720000,27571.5,27571.5,27563,27567.5,100236,3.63608702
1696326780000,27567.5,27567.5,27559,27562,135789,4.92665636
1696326840000,27562,27569.5,27560.5,27569.5,151259,5.48751668
1696326900000,27569.5,27569.5,27566,27569.5,100207,3.63477097
1696326960000,27569.5,27569.5,27553.5,27553.5,368377,13.36672939
1696327020000,27553.5,27555,27543.5,27545,523678,19.01077572
1696327080000,27545,27549,27542.5,27543.5,212880,7.72851907
1696327140000,27543.5,27544,27541.5,27543,130832,4.75029766
1696327200000,27543,27543,27541,27541.5,120266,4.36670244
1696327260000,27541.5,27553.5,27541.5,27553.5,220301,7.99797696
1696327320000,27553.5,27557,27553.5,27557,92426,3.354419
1696327380000,27557,27557,27553,27557,231,0.00838282
1696327440000,27557,27559.5,27556.5,27559.5,290989,10.55906017
1696327500000,27559.5,27581,27556.5,27581,123691,4.48531364
1696327560000,27581,27581,27579,27580,118673,4.30284349
1696327620000,27580,27582,27578.5,27582,80953,2.93520658
1696327680000,27582,27586,27579.5,27586,118865,4.3093886
1696327740000,27586,27586,27583,27586,166,0.00601777
1696327800000,27586,27586,27583,27586,61229,2.21980865
1696327860000,27586,27588,27581.5,27588,519819,18.84469448
1696327920000,27588,27588,27567,27568.5,267302,9.69435935
1696327980000,27568.5,27568.5,27550.5,27553,623967,22.64099314
1696328040000,27553,27553,27544,27544,120257,4.36581206
1696328100000,27544,27553,27543,27553,371019,13.46813697
1696328160000,27553,27555.5,27550.5,27555.5,136210,4.94331438
1696328220000,27555.5,27558.5,27555,27558.5,95019,3.44810677
1696328280000,27558.5,27562.5,27558,27562.5,38062,1.38113414
1696328340000,27562.5,27563,27562,27563,156,0.00565986
1696328400000,27563,27563,27550.5,27556.5,460185,16.6992355
1696328460000,27556.5,27556.5,27547,27551,19788,0.71824406
1696328520000,27551,27553,27547,27553,91789,3.33148246
1696328580000,27553,27555.5,27552.5,27555.5,200178,7.26506607
1696328640000,27555.5,27558.5,27551,27558.5,375669,13.63393858
1696328700000,27558.5,27575.5,27558,27575.5,505194,18.3258213
1696328760000,27575.5,27576.5,27575,27576,567,0.02056159
1696328820000,27576,27576,27565.5,27565.5,345107,12.5170367
1696328880000,27565.5,27569,27562.5,27569,231646,8.40316371
1696328940000,27569,27579,27568.5,27579,188189,6.82535229
1696329000000,27579,27584,27578.5,27584,207323,7.51687402
1696329060000,27584,27584,27574.5,27577,487991,17.69511657
1696329120000,27577,27577,27570,27570.5,183653,6.66089169
1696329180000,27570.5,27570.5,27564.5,27570,148165,5.37484409
1696329240000,27570,27580,27568.5,27578.5,251358,9.11678718
1696329300000,27578.5,27587,27578.5,27587,301740,10.94018091
1696329360000,27587,27587,27579.5,27586,93854,3.40229506
1696329420000,27586,27586,27579.5,27582,100150,3.63118864
1696329480000,27582,27583.5,27580,27583.5,45048,1.63323898
1696329540000,27583.5,27586,27581.5,27586,302699,10.9742201
1696329600000,27586,27597.5,27586,27596.5,790901,28.66605124
1696329660000,27596.5,27596.5,27588.5,27594.5,579360,20.99687166
1696329720000,27594.5,27594.5,27588,27594.5,121,0.00438519
1696329780000,27594.5,27594.5,27584.5,27586,119053,4.31571839
1696329840000,27586,27586,27584.5,27586,144,0.00522008
1696329900000,27586,27597.5,27586,27597.5,507034,18.37616353
1696329960000,27597.5,27598,27595,27598,179035,6.48764162
1696330020000,27598,27598,27589.5,27589.5,243285,8.81710103
1696330080000,27589.5,27593.5,27577.5,27580,636133,23.06159309
1696330140000,27580,27580,27574,27575.5,183530,6.65557662
1696330200000,27575.5,27576.5,27572.5,27576.5,343613,12.46089835
1696330260000,27576.5,27588,27576,27588,521039,18.89143311
1696330320000,27588,27598.5,27588,27598.5,501321,18.17016387
1696330380000,27598.5,27600,27598,27600,234,0.00847866
1696330440000,27600,27602,27598,27602,100233,3.63163022
1696330500000,27602,27610,27601.5,27610,290280,10.51582556
1696330560000,27610,27615.5,27608.5,27615.5,441443,15.98754677
1696330620000,27615.5,27621.5,27615.5,27619.5,334409,12.10814132
1696330680000,27619.5,27619.5,27608.5,27608.5,376544,13.63604402
1696330740000,27608.5,27614.5,27606.5,27609,109087,3.95114494
1696330800000,27609,27612,27608.5,27612,100244,3.63077382
1696330860000,27612,27615.5,27608.5,27615.5,82616,2.99203193
1696330920000,27615.5,27617,27615,27617,170780,6.18411184
1696330980000,27617,27617,27601.5,27603,688053,24.92076117
1696331040000,27603,27603,27600,27602,72632,2.63158495
1696331100000,27602,27602,27597,27600,58008,2.10177725
1696331160000,27600,27600,27597,27600,219,0.00793511
1696331220000,27600,27600,27597,27600,207,0.00750043
1696331280000,27600,27600,27597,27600,160,0.00579765
1696331340000,27600,27600,27596,27596.5,94900,3.43890345
1696331400000,27596.5,27596.5,27592.5,27594.5,119296,4.32333687
1696331460000,27594.5,27595.5,27592.5,27595.5,155,0.005617
1696331520000,27595.5,27595.5,27578,27588.5,381769,13.83700811
1696331580000,27588.5,27588.5,27546.5,27547.5,1006663,36.52156207
1696331640000,27547.5,27547.5,27528.5,27530,987049,35.83985402
1696331700000,27530,27539.5,27520.5,27536.5,1174811,42.67292291
1696331760000,27536.5,27540.5,27534.5,27538,215640,7.83067985
1696331820000,27538,27543.5,27538,27543.5,65052,2.36205923
1696331880000,27543.5,27543.5,27524.5,27538,996144,36.17906981
1696331940000,27538,27549.5,27530,27549.5,506714,18.3981205
1696332000000,27549.5,27550.5,27545.5,27550.5,657019,23.8492613
1696332060000,27550.5,27550.5,27529,27535,1002645,36.40834082
1696332120000,27535,27539,27528.5,27539,23688,0.86028663
1696332180000,27539,27539,27527.5,27536,278049,10.09836083
1696332240000,27536,27536,27508.5,27510,867529,31.52790536
1696332300000,27510,27510,27487.5,27497,1594196,57.96919992
1696332360000,27497,27508,27493.5,27508,1062165,38.62210003
1696332420000,27508,27508,27474,27474,920033,33.47104961
1696332480000,27474,27481.5,27467,27478,1530154,55.69305497
1696332540000,27478,27483.5,27476.5,27476.5,583446,21.23207671
1696332600000,27476.5,27480,27473.5,27475,1117711,40.67780176
1696332660000,27475,27485,27471.5,27485,499889,18.19380691
1696332720000,27485,27492,27485,27490,829078,30.16066826
1696332780000,27490,27494,27480.5,27494,458961,16.69547599
1696332840000,27494,27496.5,27487,27487.5,284029,10.33072286
1696332900000,27487.5,27496.5,27487,27496.5,225637,8.20830113
1696332960000,27496.5,27496.5,27480,27486.5,583787,21.23722706
1696333020000,27486.5,27486.5,27467,27477.5,771943,28.09411544
1696333080000,27477.5,27477.5,27460.5,27470.5,710532,25.86808433
1696333140000,27470.5,27492,27468,27492,749556,27.27805127
1696333200000,27492,27500,27491.5,27500,556781,20.25001293
1696333260000,27500,27517.5,27500,27517.5,670200,24.36215644
1696333320000,27517.5,27537,27517.5,27537,961179,34.91474655
1696333380000,27537,27543,27529.5,27543,469825,17.06204863
1696333440000,27543,27548,27536.5,27547,572440,20.78448417
1696333500000,27547,27555,27545.5,27555,377543,13.70387244
1696333560000,27555,27558,27535,27553,915984,33.24562591
1696333620000,27553,27553,27538.5,27551,460236,16.7101767
1696333680000,27551,27551,27541,27541.5,520621,18.9001366
1696333740000,27541.5,27541.5,27532,27532.5,362488,13.16406623
1696333800000,27532.5,27532.5,27515,27523,385053,13.99089226
1696333860000,27523,27526.5,27515.5,27526.5,379840,13.80281235
1696333920000,27526.5,27535,27521,27535,490967,17.83413207
1696333980000,27535,27536,27533.5,27534,259834,9.43677183
1696334040000,27534,27537.5,27532.5,27537.5,221234,8.03482757
1696334100000,27537.5,27537.5,27536.5,27537.5,751,0.02727187
1696334160000,27537.5,27539.5,27537,27539.5,108561,3.94216576
1696334220000,27539.5,27539.5,27537,27539.5,303,0.01100247
1696334280000,27539.5,27542,27535,27535,302628,10.98925547
1696334340000,27535,27548,27535,27548,254631,9.24483268
1696334400000,27548,27553.5,27546.5,27550.5,401010,14.5555306
1696334460000,27550.5,27550.5,27546.5,27550.5,216,0.0078403
1696334520000,27550.5,27551.5,27546.5,27549.5,123611,4.48687405
1696334580000,27549.5,27549.5,27511.5,27512,642584,23.33977136
1696334640000,27512,27513,27509,27511,455206,16.54658766
1696334700000,27511,27511,27486.5,27490,1076345,39.14923721
1696334760000,27490,27491,27440,27447,2152833,78.37792124
1696334820000,27447,27455,27431.5,27448,1488805,54.25673978
1696334880000,27448,27454.5,27439,27454.5,972477,35.43060959
1696334940000,27454.5,27460,27450.5,27460,662760,24.13982569
1696335000000,27460,27477.5,27458.5,27477.5,1001471,36.45817112
1696335060000,27477.5,27485,27472,27484,593791,21.60908674
1696335120000,27484,27495.5,27484,27487.5,575364,20.93162234
1696335180000,27487.5,27491,27479.5,27483,250088,9.09919971
1696335240000,27483,27483,27473,27479.5,665227,24.21147446
1696335300000,27479.5,27480.5,27473.5,27476.5,587453,21.37904507
1696335360000,27476.5,27476.5,27428.5,27428.5,1013295,36.91585873
1696335420000,27428.5,27437.5,27417,27436,1441331,52.55340595
1696335480000,27436,27442,27433,27440,1115683,40.66318988
1696335540000,27440,27442,27435,27440.5,642240,23.40658901
1696335600000,27440.5,27443.5,27437.5,27440,596108,21.72425965
1696335660000,27440,27440,27432,27437.5,500464,18.24179182
1696335720000,27437.5,27461,27432,27456.5,625294,22.78011731
1696335780000,27456.5,27464.5,27456.5,27464.5,184430,6.7156652
1696335840000,27464.5,27475,27463,27468.5,454762,16.55828822
1696335900000,27468.5,27474.5,27465.5,27474.5,471436,17.16138721
1696335960000,27474.5,27482,27474.5,27482,332617,12.10502478
1696336020000,27482,27494.5,27478.5,27494.5,365548,13.30015633
1696336080000,27494.5,27498.5,27486.5,27490.5,495353,18.01770332
1696336140000,27490.5,27490.5,27482.5,27482.5,286724,10.43178541
1696336200000,27482.5,27492.5,27482.5,27492.5,291979,10.62288652
1696336260000,27492.5,27496,27491,27496,221918,8.0718269
1696336320000,27496,27507,27496,27507,519888,18.90386191
1696336380000,27507,27512,27504.5,27510.5,173556,6.30897466
1696336440000,27510.5,27512,27510.5,27511,83367,3.03037002
1696336500000,27511,27511,27477.5,27488,775134,28.18958433
1696336560000,27488,27488,27470.5,27470.5,396786,14.44192199
1696336620000,27470.5,27472,27464.5,27472,148,0.00538835
1696336680000,27472,27472,27460.5,27462.5,491092,17.882137
1696336740000,27462.5,27492,27462.5,27492,501456,18.25196444
1696336800000,27492,27492,27481.5,27490.5,289785,10.54251426
1696336860000,27490.5,27490.5,27464.5,27466.5,542702,19.75380307
1696336920000,27466.5,27467.5,27455,27456,325546,11.85458874
1696336980000,27456,27473,27454.5,27467,600241,21.85704945
1696337040000,27467,27473,27464,27464,363421,13.23043683
1696337100000,27464,27484,27462.5,27484,689531,25.10266512
1696337160000,27484,27484,27482.5,27484,167500,6.09461036
1696337220000,27484,27484,27477.5,27481,314841,11.45673292
1696337280000,27481,27485,27477,27485,144018,5.24105544
1696337340000,27485,27487,27479.5,27487,56577,2.05839373
1696337400000,27487,27488,27477,27477,635630,23.12845977
1696337460000,27477,27478,27470.5,27470.5,106250,3.86778482
1696337520000,27470.5,27471.5,27456,27456,280110,10.19935808
1696337580000,27456,27464,27445.5,27445.5,247525,9.0158392
1696337640000,27445.5,27459.5,27445,27459.5,326717,11.90244462
1696337700000,27459.5,27459.5,27441,27446.5,961757,35.03260188
1696337760000,27446.5,27450.5,27429.5,27442,511244,18.63305819
1696337820000,27442,27451.5,27441.5,27451.5,294652,10.73661921
1696337880000,27451.5,27451.5,27449,27449.5,100184,3.64975669
1696337940000,27449.5,27456.5,27449,27456.5,380914,13.87523813
1696338000000,27456.5,27463.5,27456.5,27463.5,149687,5.45102318
1696338060000,27463.5,27466.5,27435,27436.5,500227,18.22188521
1696338120000,27436.5,27436.5,27399.5,27400,923265,33.68217682
1696338180000,27400,27417,27389.5,27417,882095,32.190832
1696338240000,27417,27428,27413.5,27425.5,684565,24.96219563
1696338300000,27425.5,27432,27412.5,27422,593144,21.63096437
1696338360000,27422,27426.5,27410.5,27426.5,784383,28.61104073
1696338420000,27426.5,27437,27414.5,27428.5,301070,10.97699031
1696338480000,27428.5,27453,27428.5,27452.5,732640,26.69949256
1696338540000,27452.5,27452.5,27445,27445.5,300159,10.93501368
1696338600000,27445.5,27448,27435,27448,589470,21.48059059
1696338660000,27448,27466,27443,27466,676781,24.65253026
1696338720000,27466,27476,27463,27475,487182,17.73595122
1696338780000,27475,27475,27470.5,27472,475256,17.29917797
1696338840000,27472,27481,27472,27478.5,189093,6.88161492
1696338900000,27478.5,27481,27472,27476,476571,17.34606923
1696338960000,27476,27494.5,27475.5,27494.5,351696,12.79667229
1696339020000,27494.5,27494.5,27484.5,27488,476806,17.34547933
1696339080000,27488,27490,27487,27490,122032,4.43938206
1696339140000,27490,27498,27487.5,27498,486459,17.69379281
1696339200000,27498,27507,27496.5,27502.5,685220,24.91445087
1696339260000,27502.5,27507,27493.5,27500.5,1115879,40.57870908
1696339320000,27500.5,27520.5,27500,27520.5,893784,32.48714807
1696339380000,27520.5,27525.5,27511,27513.5,543971,19.76822633
1696339440000,27513.5,27520,27511,27520,215149,7.81968796
1696339500000,27520,27521,27519,27521,408272,14.83541411
1696339560000,27521,27521,27500,27505,552871,20.09835781
1696339620000,27505,27512,27499.5,27512,728577,26.49043417
1696339680000,27512,27517,27511.5,27517,341800,12.42293017
1696339740000,27517,27518,27516.5,27518,43201,1.56994637
1696339800000,27518,27523,27511,27511,923431,33.55668683
1696339860000,27511,27517,27501,27501,401352,14.59236431
1696339920000,27501,27521.5,27496.5,27521.5,1126708,40.96145229
1696339980000,27521.5,27523,27506,27506,523523,19.02600669
1696340040000,27506,27511.5,27495.5,27498.5,490152,17.82382219
1696340100000,27498.5,27508,27498,27503.5,261054,9.49230372
1696340160000,27503.5,27503.5,27498.5,27499.5,158211,5.75319344
1696340220000,27499.5,27506,27498.5,27506,711832,25.88360312
1696340280000,27506,27509,27505.5,27509,490680,17.83856337
1696340340000,27509,27512,27508.5,27512,157654,5.73072899
1696340400000,27512,27514.5,27508.5,27514,519180,18.87065485
1696340460000,27514,27516.5,27510,27516.5,279194,10.14797957
1696340520000,27516.5,27517,27511,27513.5,558732,20.30819052
1696340580000,27513.5,27535,27511.5,27535,747497,27.15912748
1696340640000,27535,27541,27534.5,27538.5,510400,18.53491036
1696340700000,27538.5,27545,27522,27541,1225381,44.49963367
1696340760000,27541,27541,27522,27541,2373,0.08620865
1696340820000,27541,27541,27522.5,27534,666613,24.21336388
1696340880000,27534,27540,27527.5,27528.5,491238,17.84018874
1696340940000,27528.5,27554.5,27528,27554.5,734665,26.67794864
1696341000000,27554.5,27554.5,27536,27537.5,736042,26.72123163
1696341060000,27537.5,27552,27537.5,27552,638190,23.16869405
1696341120000,27552,27559,27552,27558,310601,11.27177439
1696341180000,27558,27558,27552.5,27557,358526,13.01139321
1696341240000,27557,27561,27554.5,27561,191968,6.96579125
1696341300000,27561,27567,27560.5,27561,363265,13.18016335
1696341360000,27561,27563,27555.5,27558,654732,23.7567797
1696341420000,27558,27562,27536.5,27543,1038456,37.69683201
1696341480000,27543,27543,27532,27532,35493,1.2889441
1696341540000,27532,27537,27532,27537,131,0.0047572
1696341600000,27537,27537,27490.5,27493,1295560,47.08770109
1696341660000,27493,27494,27471.5,27478,1636652,59.55400433
1696341720000,27478,27478,27407,27417,1385037,50.47832584
1696341780000,27417,27417,27393,27393.5,2593580,94.63849257
1696341840000,27393.5,27406.5,27369.5,27372,2188407,79.92605204
1696341900000,27372,27403.5,27370,27383,2327920,85.0233422
1696341960000,27383,27390.5,27372,27376,1441226,52.63557189
1696342020000,27376,27386.5,27360.5,27386.5,1938073,70.81010572
1696342080000,27386.5,27393.5,27377,27389.5,1595837,58.26240305
1696342140000,27389.5,27394.5,27379.5,27392.5,1193131,43.56316876
1696342200000,27392.5,27413,27391,27413,1188665,43.38328892
1696342260000,27413,27431.5,27396.5,27431.5,992756,36.20144035
1696342320000,27431.5,27451.5,27425,27439,1873708,68.28246014
1696342380000,27439,27439,27415.5,27422,754886,27.52742736
1696342440000,27422,27431.5,27417.5,27428,823486,30.02590556
1696342500000,27428,27428,27407.5,27416,1000323,36.48810143
1696342560000,27416,27424,27407.5,27422.5,1015687,37.04866284
1696342620000,27422.5,27424,27403,27418,632840,23.0808134
1696342680000,27418,27418,27367.5,27375,1241376,45.33104122
1696342740000,27375,27375,27350,27350.5,1717159,62.76069208
1696342800000,27350.5,27394.5,27349,27394.5,1548595,56.57619022
1696342860000,27394.5,27407,27394.5,27399.5,838297,30.59413768
1696342920000,27399.5,27400.5,27382.5,27396,941585,34.369071
1696342980000,27396,27396,27382.5,27383,745998,27.2420033
1696343040000,27383,27383,27378.5,27380.5,1138433,41.57695965
1696343100000,27380.5,27383,27345,27352.5,1608643,58.78999952
1696343160000,27352.5,27402.5,27352,27402.5,1186432,43.34619361
1696343220000,27402.5,27402.5,27390,27397,773442,28.23390254
1696343280000,27397,27397,27359,27367.5,1035343,37.81352295
1696343340000,27367.5,27367.5,27352,27364.5,1303809,47.65131699
1696343400000,27364.5,27366,27335,27336.5,1566753,57.2816391
1696343460000,27336.5,27395,27336.5,27395,1475843,53.95340546
1696343520000,27395,27416.5,27391.5,27416.5,1300448,47.4551588
1696343580000,27416.5,27421.5,27404.5,27412.5,1296211,47.28436127
1696343640000,27412.5,27416.5,27409,27416.5,292523,10.67116297
1696343700000,27416.5,27448,27416,27446,836030,30.47867188
1696343760000,27446,27448,27418.5,27425.5,1017772,37.10074858
1696343820000,27425.5,27425.5,27414,27420,883510,32.2254989
1696343880000,27420,27420.5,27393.5,27394,1234874,45.05688493
1696343940000,27394,27404,27391,27400,1049694,38.3131139
1696344000000,27400,27400,27380,27384.5,615732,22.48200463
1696344060000,27384.5,27409.5,27384.5,27405,1299441,47.43059367
1696344120000,27405,27405,27386,27391.5,309818,11.30677947
1696344180000,27391.5,27404.5,27391,27404.5,513945,18.7609948
1696344240000,27404.5,27411.5,27394,27408.5,1085246,39.59636673
1696344300000,27408.5,27408.5,27360.5,27362,1175241,42.9245239
1696344360000,27362,27362,27330,27332.5,1395086,51.01823877
1696344420000,27332.5,27332.5,27294,27297,1870629,68.51706813
1696344480000,27297,27308,27295.5,27308,1424600,52.18116228
1696344540000,27308,27308,27303,27306,1113549,40.77945529
1696344600000,27306,27317,27253.5,27253.5,2913305,106.77541109
1696344660000,27253.5,27290,27253.5,27272.5,2091078,76.66504649
1696344720000,27272.5,27299.5,27272.5,27299.5,1863338,68.29140339
1696344780000,27299.5,27327.5,27295,27327.5,1364856,49.98034187
1696344840000,27327.5,27338,27316.5,27338,1243168,45.49053595
1696344900000,27338,27351.5,27332.5,27342.5,1660487,60.72043514
1696344960000,27342.5,27353,27329.5,27353,1147048,41.95728581
1696345020000,27353,27356,27344.5,27349.5,993220,36.3155299
1696345080000,27349.5,27358.5,27336.5,27354.5,986565,36.07063186
1696345140000,27354.5,27354.5,27335.5,27341,627834,22.96463325
1696345200000,27341,27341,27320,27330,1322234,48.38344122
1696345260000,27330,27366,27323.5,27342.5,1753199,64.09907235
1696345320000,27342.5,27342.5,27310,27314.5,1342845,49.14309137
1696345380000,27314.5,27325,27306,27325,1287642,47.142833
1696345440000,27325,27344,27325,27342,1358133,49.68237984
1696345500000,27342,27342,27316,27318.5,1182110,43.26713911
1696345560000,27318.5,27318.5,27291.5,27293,805698,29.50849743
1696345620000,27293,27293,27269,27279.5,1422631,52.14743526
1696345680000,27279.5,27298,27279.5,27290,1474635,54.03056492
1696345740000,27290,27318.5,27290,27318.5,1247151,45.6719827
1696345800000,27318.5,27329.5,27310,27326.5,1173260,42.94303389
1696345860000,27326.5,27334.5,27322,27334.5,944039,34.54583809
1696345920000,27334.5,27350.5,27333,27350.5,1036761,37.91376831
1696345980000,27350.5,27361.5,27346.5,27353,1225806,44.81131917
1696346040000,27353,27355.5,27343.5,27355.5,564419,20.63723706
1696346100000,27355.5,27393.5,27351.5,27390.5,1478880,54.03481508
1696346160000,27390.5,27403,27385,27403,1094700,39.96283884
1696346220000,27403,27403,27393,27396.5,873187,31.87036796
1696346280000,27396.5,27396.5,27386,27386.5,906190,33.08632503
1696346340000,27386.5,27395,27375.5,27395,727531,26.56978926
1696346400000,27395,27395,27388.5,27394,1059846,38.69253668
1696346460000,27394,27394,27379,27388.5,588139,21.4797332
1696346520000,27388.5,27391.5,27387.5,27391.5,455180,16.61830283
1696346580000,27391.5,27394.5,27390,27394.5,162435,5.92995816
1696346640000,27394.5,27395.5,27388,27395.5,431089,15.73650355
1696346700000,27395.5,27398,27388.5,27390,570987,20.84376992
1696346760000,27390,27391,27382.5,27390.5,684163,24.98156163
1696346820000,27390.5,27391,27387.5,27390,419505,15.31619759
1696346880000,27390,27390,27378,27380,383098,13.99115742
1696346940000,27380,27387.5,27378,27387.5,468567,17.11366971
1696347000000,27387.5,27398,27387.5,27398,364715,13.31514811
1696347060000,27398,27398,27372,27381.5,994619,36.31888185
1696347120000,27381.5,27381.5,27337,27349.5,1071654,39.18051269
1696347180000,27349.5,27349.5,27331,27341.5,1119680,40.9525865
1696347240000,27341.5,27350.5,27341.5,27347.5,415514,15.19521791
1696347300000,27347.5,27347.5,27335,27339,347478,12.71045296
1696347360000,27339,27347.5,27335,27336,670039,24.50778935
1696347420000,27336,27336,27295,27300,878541,32.16129811
1696347480000,27300,27321.5,27298,27321.5,943459,34.54810581
1696347540000,27321.5,27341,27316.5,27341,1074022,39.29951326
1696347600000,27341,27364.5,27340.5,27359.5,1063354,38.86987387
1696347660000,27359.5,27359.5,27333,27333,799863,29.25454346
1696347720000,27333,27335.5,27323,27323,241480,8.83667204
1696347780000,27323,27331,27319.5,27325.5,727095,26.60785492
1696347840000,27325.5,27325.5,27309,27316,658403,24.10434027
1696347900000,27316,27326,27316,27326,410078,15.0092328
1696347960000,27326,27338.5,27325.5,27336.5,419021,15.33026534
1696348020000,27336.5,27336.5,27326.5,27327,664533,24.31568929
1696348080000,27327,27327,27306.5,27306.5,886026,32.43651392
1696348140000,27306.5,27316,27293,27293,332359,12.17497939
1696348200000,27293,27295.5,27268.5,27287,1704724,62.48981531
1696348260000,27287,27295,27277,27294.5,602011,22.05988798
1696348320000,27294.5,27294.5,27275.5,27288.5,799132,29.28358925
1696348380000,27288.5,27290.5,27270.5,27278.5,1300421,47.66969838
1696348440000,27278.5,27278.5,27247.5,27259.5,1125036,41.27045929
1696348500000,27259.5,27315,27245.5,27312,2333138,85.55361039
1696348560000,27312,27324,27312,27320.5,1630415,59.68058692
1696348620000,27320.5,27330,27320.5,27326.5,575828,21.07312526
1696348680000,27326.5,27331.5,27325.5,27331.5,453206,16.58324879
1696348740000,27331.5,27339,27331,27331,169688,6.20738711
1696348800000,27331,27339,27315,27318,749957,27.44886563
1696348860000,27318,27356,27318,27348,1404857,51.39894172
1696348920000,27348,27348,27330.5,27340,851014,31.12857906
1696348980000,27340,27358,27323.5,27358,714095,26.12242738
1696349040000,27358,27383.5,27357.5,27378,1073195,39.21057617
1696349100000,27378,27391.5,27377.5,27389.5,905752,33.07442267
1696349160000,27389.5,27392,27384,27386.5,685588,25.03395376
1696349220000,27386.5,27386.5,27367.5,27378,441257,16.11613314
1696349280000,27378,27378,27346,27346.5,480241,17.55251911
1696349340000,27346.5,27346.5,27320.5,27326.5,1205948,44.12164253
1696349400000,27326.5,27326.5,27313.5,27316,350501,12.83130001
1696349460000,27316,27316,27310.5,27311.5,233725,8.55731275
1696349520000,27311.5,27331.5,27308,27331.5,957124,35.03847881
1696349580000,27331.5,27351.5,27314.5,27345.5,1354609,49.54065505
1696349640000,27345.5,27349.5,27335,27349.5,371748,13.59714743
1696349700000,27349.5,27397,27349,27397,1303994,47.63651502
1696349760000,27397,27400,27393.5,27396,618029,22.55959469
1696349820000,27396,27396,27388,27395,584070,21.32278314
1696349880000,27395,27395,27377,27384.5,706446,25.79662343
1696349940000,27384.5,27384.5,27370,27377.5,100174,3.65915847
1696350000000,27377.5,27389,27372.5,27385,471723,17.2310731
1696350060000,27385,27385,27371,27377,608659,22.23068948
1696350120000,27377,27378,27363,27373.5,835860,30.54296288
1696350180000,27373.5,27392.5,27371,27392.5,600716,21.94167546
1696350240000,27392.5,27404,27378.5,27397,689220,25.15639751
1696350300000,27397,27399,27386,27389,625401,22.82940805
1696350360000,27389,27389,27380,27382.5,538215,19.65441727
1696350420000,27382.5,27395,27382,27393.5,318494,11.6282127
1696350480000,27393.5,27399.5,27385,27399.5,562289,20.52978359
1696350540000,27399.5,27399.5,27390.5,27399,490279,17.89649756
1696350600000,27399,27399,27393,27397,465538,16.99285932
1696350660000,27397,27397,27386.5,27395.5,318145,11.61596721
1696350720000,27395.5,27397,27395.5,27397,137761,5.02854928
1696350780000,27397,27404.5,27397,27404.5,240649,8.78303327
1696350840000,27404.5,27409.5,27398.5,27405.5,563405,20.55803689
1696350900000,27405.5,27405.5,27385,27385.5,604060,22.05351909
1696350960000,27385.5,27385.5,27380,27382.5,100208,3.65983063
1696351020000,27382.5,27394,27380,27394,437799,15.9856624
1696351080000,27394,27413,27393.5,27413,676927,24.70084306
1696351140000,27413,27429,27413,27426,598107,21.81147135
1696351200000,27426,27428,27414.5,27417,978250,35.67362384
1696351260000,27417,27417,27409.5,27414.5,352659,12.86447677
1696351320000,27414.5,27414.5,27401.5,27406.5,451478,16.47409788
1696351380000,27406.5,27406.5,27403,27405,225007,8.2102393
1696351440000,27405,27415.5,27405,27413.5,479509,17.49417071
1696351500000,27413.5,27416,27408,27416,289708,10.56822357
1696351560000,27416,27416,27398.5,27401,1147936,41.88699355
1696351620000,27401,27401,27383.5,27388,690822,25.22134189
1696351680000,27388,27388,27377,27380.5,315159,11.51062079
1696351740000,27380.5,27392.5,27378,27392.5,741244,27.06494168
1696351800000,27392.5,27399,27386,27389,574209,20.96403166
1696351860000,27389,27392.5,27386,27391.5,446471,16.300749
1696351920000,27391.5,27391.5,27379.5,27389.5,200309,7.31358526
1696351980000,27389.5,27389.5,27380.5,27385.5,661387,24.15288211
1696352040000,27385.5,27385.5,27380.5,27381,95608,3.49150941
1696352100000,27381,27382,27380.5,27382,57723,2.10810236
1696352160000,27382,27386,27381.5,27382,150664,5.50236694
1696352220000,27382,27390,27380.5,27390,514486,18.78752299
1696352280000,27390,27392,27389.5,27392,70060,2.55777608
1696352340000,27392,27392,27377.5,27377.5,503749,18.39462997
1696352400000,27377.5,27387,27376,27387,416417,15.20880634
1696352460000,27387,27392,27381.5,27387,502465,18.346864
1696352520000,27387,27388,27381.5,27386,231905,8.46800179
1696352580000,27386,27386,27376.5,27379,361329,13.19740909
1696352640000,27379,27379,27375.5,27376,178,0.00650168
1696352700000,27376,27389.5,27375.5,27389.5,232239,8.48277959
1696352760000,27389.5,27408,27389.5,27408,687495,25.09316876
1696352820000,27408,27425.5,27407.5,27425.5,460052,16.78013554
1696352880000,27425.5,27438.5,27424.5,27430,444560,16.20786845
1696352940000,27430,27443,27430,27435,269363,9.81883836
1696353000000,27435,27443,27427.5,27427.5,606806,22.12059097
1696353060000,27427.5,27429.5,27410,27410,827925,30.19627283
1696353120000,27410,27414.5,27395,27395,522520,19.06655605
1696353180000,27395,27401,27395,27399,125170,4.5685371
1696353240000,27399,27402,27398.5,27402,177825,6.48985097
1696353300000,27402,27406,27399,27401.5,200199,7.30641363
1696353360000,27401.5,27401.5,27401.5,27401.5,123,0.00448875
1696353420000,27401.5,27401.5,27397,27401.5,364979,13.32041743
1696353480000,27401.5,27413,27401,27410.5,625263,22.81133643
1696353540000,27410.5,27412.5,27405.5,27408.5,580272,21.17090373
1696353600000,27408.5,27417,27408.5,27414.5,512842,18.7081398
1696353660000,27414.5,27427.5,27414.5,27426.5,335246,12.22580248
1696353720000,27426.5,27438,27418,27438,601237,21.9231297
1696353780000,27438,27454,27436.5,27454,507716,18.50179168
1696353840000,27454,27454,27448.5,27451.5,269074,9.80184271
1696353900000,27451.5,27453,27447.5,27449.5,571691,20.82726996
1696353960000,27449.5,27454.5,27437.5,27444.5,623905,22.73320872
1696354020000,27444.5,27449,27444.5,27449,340456,12.40422316
1696354080000,27449,27452,27432.5,27432.5,728819,26.55823042
1696354140000,27432.5,27442,27432,27442,597733,21.78424805
1696354200000,27442,27458,27442,27447.5,352642,12.84655822
1696354260000,27447.5,27453,27444.5,27448,296223,10.79285391
1696354320000,27448,27460.5,27447.5,27460.5,379287,13.81509505
1696354380000,27460.5,27465.5,27460,27461,100781,3.66990242
1696354440000,27461,27476.5,27461,27461,876114,31.89969456
1696354500000,27461,27464.5,27436.5,27436.5,965958,35.19092864
1696354560000,27436.5,27447,27435.5,27446,615635,22.43535983
1696354620000,27446,27446.5,27436.5,27436.5,188482,6.86807098
1696354680000,27436.5,27441.5,27431,27434.5,190990,6.96148765
1696354740000,27434.5,27441.5,27434,27436.5,223475,8.14547794
1696354800000,27436.5,27437,27432,27432,145368,5.29864558
1696354860000,27432,27434.5,27432,27434.5,98,0.00357221
1696354920000,27434.5,27434.5,27431.5,27431.5,230559,8.40462124
1696354980000,27431.5,27433.5,27422,27432.5,22835,0.83245251
1696355040000,27432.5,27434.5,27432,27433,445920,16.25503933
1696355100000,27433,27434.5,27424,27427.5,186184,6.78778901
1696355160000,27427.5,27427.5,27413.5,27421.5,239409,8.7304118
1696355220000,27421.5,27424.5,27413.5,27424.5,213376,7.78082074
1696355280000,27424.5,27435.5,27424.5,27435.5,45361,1.65402952
1696355340000,27435.5,27435.5,27424,27434,93404,3.40455678
1696355400000,27434,27435.5,27423,27427.5,328916,11.9918574
1696355460000,27427.5,27427.5,27421.5,27421.5,164141,5.98557044
1696355520000,27421.5,27423.5,27421.5,27423.5,237,0.00864244
1696355580000,27423.5,27432.5,27423.5,27432.5,297279,10.83957509
1696355640000,27432.5,27434.5,27432,27432,100233,3.65380487
1696355700000,27432,27435.5,27427,27427,478345,17.43856291
1696355760000,27427,27434.5,27426,27427.5,3356,0.12236066
1696355820000,27427.5,27427.5,27424,27427,100225,3.65417973
1696355880000,27427,27431,27427,27431,63361,2.30995827
1696355940000,27431,27431,27427,27427,210860,7.68726919
1696356000000,27427,27433.5,27422,27426,463065,16.88260508
1696356060000,27426,27437.5,27426,27428,454669,16.57318694
1696356120000,27428,27433.5,27426,27426,98453,3.58955665
1696356180000,27426,27427.5,27420.5,27420.5,271493,9.89961724
1696356240000,27420.5,27420.5,27409.5,27411,180608,6.58745094
1696356300000,27411,27411,27410,27410.5,100799,3.67738629
1696356360000,27410.5,27411,27410.5,27411,160,0.00583704
1696356420000,27411,27411,27410.5,27410.5,92818,3.38622042
1696356480000,27410.5,27411,27408,27408,120199,4.3853824
1696356540000,27408,27410,27403,27405,302293,11.03045825
1696356600000,27405,27405,27397.5,27397.5,324134,11.83000116
1696356660000,27397.5,27399,27394,27394.5,249772,9.11744486
1696356720000,27394.5,27401,27386.5,27401,590222,21.54671198
1696356780000,27401,27416,27393,27415.5,994743,36.2932415
1696356840000,27415.5,27418,27393,27393,689735,25.16589267
1696356900000,27393,27400.5,27387,27387,458483,16.73897217
1696356960000,27387,27388.5,27387,27388,100153,3.6568206
1696357020000,27388,27389.5,27382.5,27382.5,295803,10.8016123
1696357080000,27382.5,27385.5,27382,27384.5,98453,3.59520947
1696357140000,27384.5,27394,27383,27393.5,619272,22.60855067
1696357200000,27393.5,27398,27381.5,27381.5,300296,10.96411881
1696357260000,27381.5,27388,27381.5,27388,207,0.00755834
1696357320000,27388,27388,27381.5,27386,347837,12.70243845
1696357380000,27386,27394.5,27386,27391,319874,11.67789109
1696357440000,27391,27394.5,27391,27391,221,0.00806769
1696357500000,27391,27403,27391,27403,268169,9.78750602
1696357560000,27403,27405,27402.5,27405,200216,7.30608696
1696357620000,27405,27406,27401,27401,167134,6.09890767
1696357680000,27401,27405,27401,27401.5,407804,14.8818976
1696357740000,27401.5,27404.5,27383,27383,335782,12.25829774
1696357800000,27383,27394.5,27380,27380.5,256298,9.36032806
1696357860000,27380.5,27380.5,27365.5,27365.5,415531,15.18197363
1696357920000,27365.5,27376.5,27363.5,27376.5,450458,16.45872561
1696357980000,27376.5,27376.5,27369.5,27375,100236,3.66152253
1696358040000,27375,27375.5,27362,27362,760292,27.7786048
1696358100000,27362,27367.5,27348.5,27348.5,857418,31.34466325
1696358160000,27348.5,27351,27344.5,27347,656873,24.02111222
1696358220000,27347,27351,27345.5,27345.5,272551,9.96619156
1696358280000,27345.5,27353,27342.5,27347.5,540869,19.77764017
1696358340000,27347.5,27352,27347.5,27352,171,0.00625198
1696358400000,27352,27352,27347.5,27351.5,197721,7.22882549
1696358460000,27351.5,27356.5,27350.5,27356.5,408508,14.93459336
1696358520000,27356.5,27363,27351.5,27360.5,291234,10.64458611
1696358580000,27360.5,27363,27360.5,27361,39026,1.4263624
1696358640000,27361,27361,27358.5,27359.5,723,0.02642618
1696358700000,27359.5,27359.5,27351.5,27351.5,305974,11.18574979
1696358760000,27351.5,27352,27330.5,27330.5,665374,24.34072527
1696358820000,27330.5,27336,27320,27320,461190,16.877231
1696358880000,27320,27345,27320,27336,942626,34.48314808
1696358940000,27336,27350,27336,27345.5,764336,27.94880874
1696359000000,27345.5,27350,27335,27343,248085,9.0740074
1696359060000,27343,27343,27337.5,27339.5,177541,6.49363902
1696359120000,27339.5,27340.5,27336.5,27336.5,471543,17.24845628
1696359180000,27336.5,27340.5,27320.5,27320.5,50281,1.83933628
1696359240000,27320.5,27337,27318.5,27321.5,251420,9.20237262
1696359300000,27321.5,27323.5,27319.5,27321,108621,3.97571901
1696359360000,27321,27322,27320.5,27320.5,288477,10.55868035
1696359420000,27320.5,27323,27318.5,27318.5,371027,13.58017972
1696359480000,27318.5,27320,27301.5,27301.5,401720,14.71185048
1696359540000,27301.5,27304.5,27300,27301,362910,13.29257183
1696359600000,27301,27308,27292.5,27296.5,364412,13.34843404
1696359660000,27296.5,27313,27288.5,27288.5,1023516,37.49118299
1696359720000,27288.5,27294.5,27253.5,27260.5,1922568,70.52306919
1696359780000,27260.5,27283.5,27251.5,27283,1447073,53.07504545
1696359840000,27283,27315,27283,27314.5,570257,20.88515652
1696359900000,27314.5,27314.5,27308.5,27311.5,302047,11.06005607
1696359960000,27311.5,27332,27311.5,27332,852563,31.20572019
1696360020000,27332,27346.5,27330.5,27346,907947,33.21456487
1696360080000,27346,27348.5,27337.5,27337.5,681331,24.91850203
1696360140000,27337.5,27340.5,27335,27340,507953,18.58036301
1696360200000,27340,27344.5,27340,27344.5,200128,7.3191005
1696360260000,27344.5,27349.5,27339.5,27349.5,794918,29.06960517
1696360320000,27349.5,27388,27349.5,27388,796068,29.08209077
1696360380000,27388,27388,27373.5,27373.5,505284,18.45646838
1696360440000,27373.5,27376,27371,27372.5,122820,4.48705737
1696360500000,27372.5,27410,27371,27410,1401974,51.18289308
1696360560000,27410,27414,27404.5,27404.5,578918,21.12077276
1696360620000,27404.5,27410.5,27400.5,27402.5,260021,9.48865438
1696360680000,27402.5,27409.5,27394.5,27396,505348,18.44397808
1696360740000,27396,27397,27380.5,27385.5,605485,22.10621112
1696360800000,27385.5,27387,27381.5,27384,388970,14.20402831
1696360860000,27384,27385,27380.5,27380.5,309682,11.30973707
1696360920000,27380.5,27381,27369.5,27373,533470,19.48879154
1696360980000,27373,27380,27372.5,27376.5,113892,4.16012607
1696361040000,27376.5,27378,27353.5,27357,759132,27.74367091
1696361100000,27357,27362,27344.5,27344.5,735450,26.88517452
1696361160000,27344.5,27346,27342.5,27343.5,155246,5.67755269
1696361220000,27343.5,27350,27343.5,27350,315991,11.55490813
1696361280000,27350,27354,27349.5,27351,95665,3.49739685
1696361340000,27351,27357.5,27351,27353.5,298670,10.9178645
1696361400000,27353.5,27359.5,27353.5,27356.5,205988,7.52936561
1696361460000,27356.5,27361,27347.5,27348,248395,9.08156443
1696361520000,27348,27354.5,27342.5,27343,732851,26.79498617
1696361580000,27343,27343,27334.5,27334.5,350023,12.80338422
1696361640000,27334.5,27336,27328.5,27329.5,723598,26.47404518
1696361700000,27329.5,27330,27323.5,27324,353295,12.9295524
1696361760000,27324,27324.5,27322,27324,163756,5.9933583
1696361820000,27324,27324,27308.5,27310,472620,17.30269802
1696361880000,27310,27310,27298.5,27298.5,412586,15.11254063
1696361940000,27298.5,27299.5,27287.5,27299.5,843749,30.91495311
1696362000000,27299.5,27306.5,27299.5,27304.5,100168,3.66882115
1696362060000,27304.5,27304.5,27299,27299,161863,5.92897692
1696362120000,27299,27301.5,27288.5,27291.5,203269,7.44758803
1696362180000,27291.5,27308,27288.5,27303.5,570135,20.88721601
1696362240000,27303.5,27316.5,27303.5,27315.5,396748,14.52499768
1696362300000,27315.5,27315.5,27299.5,27305,417051,15.27445479
1696362360000,27305,27306.5,27298.5,27306.5,364552,13.35232506
1696362420000,27306.5,27323.5,27306.5,27323.5,624914,22.87526196
1696362480000,27323.5,27329,27320.5,27320.5,263863,9.65750383
1696362540000,27320.5,27323.5,27315,27316.5,262070,9.59345746
1696362600000,27316.5,27316.5,27292,27292,930515,34.08016522
1696362660000,27292,27293.5,27274,27289,1098129,40.2530021
1696362720000,27289,27292,27271,27279,712267,26.1069244
1696362780000,27279,27279,27257,27257,685598,25.14768319
1696362840000,27257,27261.5,27256.5,27259,526231,19.3041941
1696362900000,27259,27260.5,27245.5,27248.5,980131,35.96828317
1696362960000,27248.5,27278.5,27248.5,27272,655921,24.05225784
1696363020000,27272,27273.5,27248.5,27249,622160,22.82126959
1696363080000,27249,27266,27248.5,27266,1041684,38.21663323
1696363140000,27266,27288,27261.5,27273,451449,16.55266934
1696363200000,27273,27290.5,27255.5,27290.5,1245715,45.6751547
1696363260000,27290.5,27304.5,27285.5,27285.5,408814,14.97885724
1696363320000,27285.5,27293.5,27262,27262,902209,33.07880053
1696363380000,27262,27276,27257,27259,1287750,47.24082544
1696363440000,27259,27263,27242,27242,400188,14.68614682
1696363500000,27242,27252,27242,27247,658415,24.16354727
1696363560000,27247,27248.5,27172.5,27188,3338417,122.73682559
1696363620000,27188,27224.5,27186.5,27224.5,2254802,82.88259354
1696363680000,27224.5,27258,27224.5,27255.5,2145140,78.74007088
1696363740000,27255.5,27271.5,27253.5,27258,1493938,54.80578038
1696363800000,27258,27296,27258,27291.5,2067906,75.7857936
1696363860000,27291.5,27316.5,27278.5,27314,2062764,75.55952517
1696363920000,27314,27319,27305.5,27319,1016273,37.2105836
1696363980000,27319,27320,27311,27318,619303,22.67067845
1696364040000,27318,27330.5,27318,27330,773319,28.29971857
1696364100000,27330,27344,27328.5,27336,1168377,42.74470079
1696364160000,27336,27345,27335.5,27342.5,709891,25.96583254
1696364220000,27342.5,27343,27313.5,27315,1151955,42.16073115
1696364280000,27315,27340,27315,27340,759055,27.77669853
1696364340000,27340,27344,27337.5,27343,200710,7.34039572
1696364400000,27343,27344.5,27331,27331,330282,12.07990532
1696364460000,27331,27340.5,27331,27332.5,195804,7.16403377
1696364520000,27332.5,27345.5,27329,27344,514158,18.80651307
1696364580000,27344,27347.5,27339,27345,256346,9.37486044
1696364640000,27345,27357.5,27345,27352.5,361615,13.22109872
1696364700000,27352.5,27364,27352.5,27358,657876,24.04555684
1696364760000,27358,27360.5,27337.5,27346.5,393591,14.39207866
1696364820000,27346.5,27356.5,27337.5,27356.5,853670,31.21452771
1696364880000,27356.5,27362.5,27351.5,27356,708527,25.89895878
1696364940000,27356,27358.5,27349,27358.5,791869,28.95040179
1696365000000,27358.5,27361.5,27357,27357,558824,20.42518993
1696365060000,27357,27359.5,27344.5,27355.5,398461,14.56487036
1696365120000,27355.5,27370,27355.5,27361,426018,15.56755142
1696365180000,27361,27383.5,27361,27372,548578,20.03891196
1696365240000,27372,27372.5,27357.5,27357.5,200139,7.31472297
1696365300000,27357.5,27362,27348.5,27348.5,455692,16.65923552
1696365360000,27348.5,27349,27344,27345.5,33249,1.21575316
1696365420000,27345.5,27345.5,27345,27345.5,191769,7.01288425
1696365480000,27345.5,27345.5,27331,27331,602642,22.04525284
1696365540000,27331,27336.5,27329.5,27329.5,100161,3.6647396
1696365600000,27329.5,27340.5,27329.5,27339.5,676747,24.75597514
1696365660000,27339.5,27340.5,27336,27336,385888,14.11581625
1696365720000,27336,27336.5,27328,27331.5,572308,20.94030083
1696365780000,27331.5,27344,27327,27344,283460,10.36764615
1696365840000,27344,27355.5,27340.5,27340.5,543657,19.87630959
1696365900000,27340.5,27341.5,27339,27339,236498,8.65039237
1696365960000,27339,27352,27338.5,27352,432102,15.80161681
1696366020000,27352,27353,27348.5,27350,237575,8.6865131
1696366080000,27350,27360.5,27348.5,27360.5,831996,30.4150862
1696366140000,27360.5,27362.5,27355,27355,215218,7.86702213
1696366200000,27355,27355.5,27348.5,27351,268495,9.81607193
1696366260000,27351,27360.5,27351,27357.5,239739,8.76383288
1696366320000,27357.5,27363,27357.5,27363,213803,7.81397889
1696366380000,27363,27366,27359.5,27359.5,281956,10.30474486
1696366440000,27359.5,27368.5,27359.5,27368,572005,20.90330654
1696366500000,27368,27368.5,27365,27366.5,67445,2.46455411
1696366560000,27366.5,27366.5,27364.5,27364.5,132985,4.85958591
1696366620000,27364.5,27367,27364.5,27366,90354,3.30161015
1696366680000,27366,27376.5,27366,27376.5,297119,10.85455341
1696366740000,27376.5,27386.5,27374,27382.5,443361,16.19183998
1696366800000,27382.5,27386.5,27381,27386,100160,3.65769226
1696366860000,27386,27386.5,27379,27379.5,448885,16.39345826
1696366920000,27379.5,27379.5,27377,27379.5,330,0.01205326
1696366980000,27379.5,27379.5,27377,27377,100169,3.65887375
1696367040000,27377,27377.5,27377,27377.5,269,0.00982555
1696367100000,27377.5,27385.5,27376,27385.5,414923,15.15413437
1696367160000,27385.5,27394,27378,27384.5,404690,14.77495993
1696367220000,27384.5,27393,27384,27393,169,0.00617044
1696367280000,27393,27393,27380.5,27384.5,99550,3.63533495
1696367340000,27384.5,27384.5,27380.5,27381.5,188,0.00686603
1696367400000,27381.5,27381.5,27380.5,27380.5,257,0.00938608
1696367460000,27380.5,27382.5,27380.5,27382.5,76277,2.78561146
1696367520000,27382.5,27397,27382.5,27395.5,367084,13.40314949
1696367580000,27395.5,27397,27371.5,27371.5,621880,22.71283187
1696367640000,27371.5,27372,27362.5,27363.5,322,0.0117658
1696367700000,27363.5,27363.5,27362.5,27362.5,219,0.00800346
1696367760000,27362.5,27363.5,27362.5,27363.5,280,0.0102327
1696367820000,27363.5,27384,27362.5,27376.5,554247,20.24915599
1696367880000,27376.5,27389,27376.5,27388.5,147506,5.38648057
1696367940000,27388.5,27391,27388.5,27389,284430,10.38470679
1696368000000,27389,27389,27386,27389,269,0.00982175
1696368060000,27389,27390,27382.5,27390,362595,13.2398712
1696368120000,27390,27399,27389,27389,129,0.00470969
1696368180000,27389,27399,27389,27389,284,0.01036652
1696368240000,27389,27399,27389,27399,100206,3.65741987
1696368300000,27399,27399,27394,27398,314097,11.46490534
1696368360000,27398,27404,27397.5,27404,357378,13.04236231
1696368420000,27404,27442,27404,27442,563545,20.55684257
1696368480000,27442,27442,27409,27409,1533623,55.92034554
1696368540000,27409,27410.5,27403,27409.5,100147,3.65380002
1696368600000,27409.5,27409.5,27403,27404,100230,3.65749535
1696368660000,27404,27404,27388,27388,683234,24.94016386
1696368720000,27388,27389,27374,27374.5,302135,11.03683181
1696368780000,27374.5,27374.5,27363.5,27363.5,262822,9.60443057
1696368840000,27363.5,27380.5,27363.5,27380.5,717562,26.21382961
1696368900000,27380.5,27382.5,27375,27375,240865,8.79692728
1696368960000,27375,27381.5,27367,27367,281134,10.27095414
1696369020000,27367,27374.5,27363,27367.5,81085,2.96291767
1696369080000,27367.5,27371.5,27360,27369.5,429574,15.69801805
1696369140000,27369.5,27373,27369.5,27370,164642,6.01519242
1696369200000,27370,27371.5,27350.5,27350.5,475944,17.39458696
1696369260000,27350.5,27357,27350.5,27357,279644,10.22280208
1696369320000,27357,27360,27356.5,27360,199,0.00727381
1696369380000,27360,27360,27356.5,27356.5,151,0.00551921
1696369440000,27356.5,27366.5,27356.5,27362,157144,5.74325006
1696369500000,27362,27368.5,27362,27366,37725,1.37851047
1696369560000,27366,27368.5,27366,27368.5,184,0.00672306
1696369620000,27368.5,27372.5,27368,27371,191120,6.98284611
1696369680000,27371,27374.5,27371,27374,268,0.00979046
1696369740000,27374,27376,27374,27376,242,0.00884001
1696369800000,27376,27376,27375,27375,214,0.00781718
1696369860000,27375,27376,27375,27376,208,0.00759788
1696369920000,27376,27379.5,27375,27379.5,139007,5.07749499
1696369980000,27379.5,27384.5,27379.5,27384.5,412253,15.0551215
1696370040000,27384.5,27392.5,27384.5,27389.5,499482,18.23602584
1696370100000,27389.5,27395.5,27389.5,27392,59903,2.18683872
1696370160000,27392,27405,27392,27405,499771,18.23956975
1696370220000,27405,27419,27405,27417.5,812091,29.62423512
1696370280000,27417.5,27418,27401,27409,691740,25.24090594
1696370340000,27409,27409,27401,27401,172,0.00627609
1696370400000,27401,27409,27380,27390,634366,23.16234265
1696370460000,27390,27390,27380,27380,173,0.00631659
1696370520000,27380,27390,27364.5,27364.5,564924,20.63940849
1696370580000,27364.5,27364.5,27362,27362,141,0.0051529
1696370640000,27362,27363,27361.5,27363,95521,3.49100937
1696370700000,27363,27363,27343.5,27354.5,503502,18.40721553
1696370760000,27354.5,27354.5,27329.5,27341.5,831538,30.42155768
1696370820000,27341.5,27345.5,27341,27341,384161,14.04979749
1696370880000,27341,27350.5,27341,27350.5,91601,3.34976383
1696370940000,27350.5,27350.5,27346,27346,297574,10.88141289
1696371000000,27346,27349.5,27344,27347,260825,9.53781999
1696371060000,27347,27350.5,27347,27350.5,284,0.01038432
1696371120000,27350.5,27350.5,27347,27350.5,119,0.00435106
1696371180000,27350.5,27353,27347,27353,63109,2.3074163
1696371240000,27353,27355,27350,27355,100201,3.66325425
1696371300000,27355,27355,27348,27352,296162,10.82841653
1696371360000,27352,27352,27347,27347,247,0.00903087
1696371420000,27347,27352,27326,27326,712388,26.05834785
1696371480000,27326,27331.5,27302.5,27330.5,1635818,59.88149055
1696371540000,27330.5,27335.5,27329.5,27330,278423,10.18725849
1696371600000,27330,27330,27328,27328,100236,3.66788615
1696371660000,27328,27328.5,27328,27328.5,224,0.00819658
1696371720000,27328.5,27328.5,27296.5,27296.5,1712555,62.71872684
1696371780000,27296.5,27297,27282,27284,456697,16.73777199
1696371840000,27284,27291,27276.5,27291,638323,23.39735284
1696371900000,27291,27291,27281.5,27285,754916,27.66813253
1696371960000,27285,27313.5,27285,27297.5,927584,33.9809553
1696372020000,27297.5,27314.5,27294.5,27294.5,587077,21.50206863
1696372080000,27294.5,27304,27292,27304,889737,32.59268792
1696372140000,27304,27311,27304,27308.5,296395,10.85299863
1696372200000,27308.5,27312,27297.5,27300.5,542075,19.85112785
1696372260000,27300.5,27300.5,27293.5,27293.5,155682,5.7033212
1696372320000,27293.5,27300.5,27290.5,27299,392172,14.36770963
1696372380000,27299,27323.5,27299,27322.5,894349,32.74530939
1696372440000,27322.5,27330.5,27322.5,27324.5,468084,17.12920635
1696372500000,27324.5,27325,27312,27312,20181,0.73856924
1696372560000,27312,27312.5,27294,27294,798379,29.23877038
1696372620000,27294,27295,27293,27293,100155,3.66939114
1696372680000,27293,27321,27293,27321,1030925,37.74960342
1696372740000,27321,27324,27309.5,27311,396462,14.51312459
1696372800000,27311,27311.5,27308,27308,87866,3.21747387
1696372860000,27308,27309.5,27308,27308,231,0.00845875
1696372920000,27308,27314.5,27308,27314.5,179505,6.57274809
1696372980000,27314.5,27314.5,27311,27313.5,158070,5.78748642
1696373040000,27313.5,27313.5,27307.5,27313,413962,15.15668275
1696373100000,27313,27317.5,27301.5,27301.5,624944,22.88344438
1696373160000,27301.5,27302,27265.5,27269,1852102,67.89817905
1696373220000,27269,27277,27269,27273,1039625,38.11944367
1696373280000,27273,27283,27270.5,27277.5,699530,25.64495407
1696373340000,27277.5,27302,27277.5,27299.5,1093558,40.07140915
1696373400000,27299.5,27305,27298,27299,100174,3.66944453
1696373460000,27299,27301,27298,27298.5,200698,7.35177822
1696373520000,27298.5,27301,27298.5,27301,185,0.00677645
1696373580000,27301,27310.5,27298.5,27310.5,184194,6.74581211
1696373640000,27310.5,27321,27306,27321,625696,22.91035094
1696373700000,27321,27323,27309.5,27309.5,1066397,39.0360123
1696373760000,27309.5,27341.5,27309.5,27341,1196227,43.77883586
1696373820000,27341,27360,27338,27360,1046874,38.28152042
1696373880000,27360,27376,27359.5,27371,1753122,64.0486988
1696373940000,27371,27397.5,27367.5,27389,1378167,50.33028275
1696374000000,27389,27402.5,27386,27402.5,1272866,46.4671443
1696374060000,27402.5,27415.5,27395.5,27402.5,1514389,55.25776794
1696374120000,27402.5,27424.5,27402.5,27414,1719478,62.70997176
1696374180000,27414,27415.5,27404,27408,1022199,37.29753715
1696374240000,27408,27414.5,27404,27412.5,1208878,44.10631044
1696374300000,27412.5,27429,27411.5,27411.5,1809969,66.00858601
1696374360000,27411.5,27423,27395,27395,802456,29.27946944
1696374420000,27395,27414.5,27394,27414.5,1028310,37.52455397
1696374480000,27414.5,27434,27414.5,27417.5,1343476,48.9897404
1696374540000,27417.5,27428,27396,27396,989883,36.11843413
1696374600000,27396,27398.5,27385.5,27387.5,1038223,37.90625953
1696374660000,27387.5,27388,27372.5,27380,420213,15.34847285
1696374720000,27380,27394,27370.5,27394,1398704,51.08079109
1696374780000,27394,27406.5,27390.5,27404,723273,26.39534944
1696374840000,27404,27404.5,27399,27399,100207,3.65665607
1696374900000,27399,27402,27390,27391.5,811046,29.60588803
1696374960000,27391.5,27391.5,27380,27387.5,780885,28.51451169
1696375020000,27387.5,27395.5,27387.5,27395.5,373279,13.62667938
1696375080000,27395.5,27406,27395.5,27401,1300753,47.46864675
1696375140000,27401,27401.5,27381,27382,500120,18.26105547
1696375200000,27382,27386.5,27381,27385,356661,13.02471173
1696375260000,27385,27400,27384,27398,549203,20.05134819
1696375320000,27398,27412,27397,27412,722117,26.3522675
1696375380000,27412,27422,27411.5,27422,616346,22.48022916
1696375440000,27422,27422,27404,27405,663981,24.22076458
1696375500000,27405,27406,27391,27396,738153,26.94174241
1696375560000,27396,27403,27395.5,27399,656009,23.943649
1696375620000,27399,27420.5,27396.5,27420.5,885387,32.30627933
1696375680000,27420.5,27421.5,27413,27416,678528,24.74843026
1696375740000,27416,27429,27415.5,27427.5,417853,15.23793242
1696375800000,27427.5,27432,27420.5,27422,698531,25.47080257
1696375860000,27422,27443.5,27422,27442,1130367,41.19667279
1696375920000,27442,27443.5,27432.5,27437.5,188018,6.85197721
1696375980000,27437.5,27438.5,27421,27423,661312,24.10998055
1696376040000,27423,27430.5,27423,27423,556680,20.29755665
1696376100000,27423,27431.5,27422,27431.5,317826,11.58812881
1696376160000,27431.5,27434,27426.5,27430.5,473274,17.25353985
1696376220000,27430.5,27430.5,27418.5,27424.5,583954,21.29462629
1696376280000,27424.5,27428.5,27420,27428,626225,22.83480548
1696376340000,27428,27450,27428,27448.5,445486,16.2316507
1696376400000,27448.5,27450,27446,27450,283806,10.33948207
1696376460000,27450,27454.5,27450,27453,200130,7.29017919
1696376520000,27453,27455.5,27441.5,27441.5,516846,18.8291539
1696376580000,27441.5,27445,27440.5,27445,396291,14.44066353
1696376640000,27445,27455,27445,27452,666216,24.26843267
1696376700000,27452,27453,27448,27451.5,233070,8.49027914
1696376760000,27451.5,27452,27444.5,27445,449510,16.37604244
1696376820000,27445,27450.5,27443,27449.5,733412,26.72212296
1696376880000,27449.5,27452,27448,27448,272215,9.91691502
1696376940000,27448,27450,27442,27442,430227,15.67631033
1696377000000,27442,27442.5,27431.5,27431.5,413615,15.07688574
1696377060000,27431.5,27433,27426.5,27430.5,319024,11.63151594
1696377120000,27430.5,27435.5,27430.5,27435,250764,9.14082827
1696377180000,27435,27435.5,27422.5,27434.5,237940,8.67413432
1696377240000,27434.5,27434.5,27405,27407.5,450186,16.41997797
1696377300000,27407.5,27410.5,27405,27408,199510,7.27886256
1696377360000,27408,27410.5,27408,27410.5,324,0.01182084
1696377420000,27410.5,27413.5,27410,27411,100230,3.65656657
1696377480000,27411,27413.5,27411,27411,100177,3.65456107
1696377540000,27411,27413.5,27411,27413.5,169,0.00616508
1696377600000,27413.5,27413.5,27402,27409.5,563643,20.56461508
1696377660000,27409.5,27415.5,27409,27415.5,419529,15.30512793
1696377720000,27415.5,27422,27403,27403,694658,25.33807594
1696377780000,27403,27410,27396,27396,761843,27.80157158
1696377840000,27396,27399.5,27393,27393,200168,7.3067347
1696377900000,27393,27397,27373,27397,1161557,42.41104953
1696377960000,27397,27397,27383.5,27383.5,668871,24.4192313
1696378020000,27383.5,27391.5,27383,27386,790962,28.88050689
1696378080000,27386,27391.5,27371,27371,761533,27.81561087
1696378140000,27371,27385,27361,27385,882356,32.24223431
1696378200000,27385,27394,27379.5,27379.5,758611,27.70239929
1696378260000,27379.5,27381,27365.5,27370.5,761439,27.81965434
1696378320000,27370.5,27389,27370.5,27385,522271,19.06966284
1696378380000,27385,27387.5,27367,27367,536326,19.58999939
1696378440000,27367,27377,27347,27347,992555,36.28076009
1696378500000,27347,27360,27343.5,27360,1345988,49.21346352
1696378560000,27360,27364.5,27357.5,27363,579114,21.16497252
1696378620000,27363,27371.5,27361,27371.5,848188,30.99420115
1696378680000,27371.5,27371.5,27353,27355.5,547966,20.03122543
1696378740000,27355.5,27365.5,27355.5,27363.5,200217,7.31675588
1696378800000,27363.5,27383.5,27363.5,27379.5,897554,32.78883354
1696378860000,27379.5,27380,27363.5,27368.5,592988,21.66582204
1696378920000,27368.5,27370,27362,27365,458943,16.77093677
1696378980000,27365,27369,27349,27349,1143278,41.78683321
1696379040000,27349,27373.5,27349,27368.5,880235,32.17522096
1696379100000,27368.5,27368.5,27364,27367.5,515787,18.84810014
1696379160000,27367.5,27379.5,27366,27376,695119,25.39114496
1696379220000,27376,27380.5,27375,27376.5,864245,31.56777143
1696379280000,27376.5,27377,27353.5,27353.5,1003942,36.68750071
1696379340000,27353.5,27363,27348.5,27355,1287078,47.05275494
1696379400000,27355,27360.5,27344,27344,1143353,41.80404953
1696379460000,27344,27344.5,27271.5,27271.5,2865433,104.89959351
1696379520000,27271.5,27307,27271.5,27301.5,3716606,136.18528193
1696379580000,27301.5,27321.5,27274.5,27287.5,2027248,74.28519554
1696379640000,27287.5,27302.5,27265,27280.5,2150951,78.84370974
1696379700000,27280.5,27281.5,27243.5,27261,1864954,68.41702789
1696379760000,27261,27298.5,27255.5,27292.5,2322745,85.14805981
1696379820000,27292.5,27293,27261,27269,2147355,78.7189577
1696379880000,27269,27305.5,27269,27301.5,1573970,57.66006507
1696379940000,27301.5,27305.5,27283,27283,1604543,58.78664599
1696380000000,27283,27283.5,27234,27234,2757146,101.1659802
1696380060000,27234,27265.5,27226,27245.5,3036377,111.44959918
1696380120000,27245.5,27246.5,27222.5,27240.5,2235101,82.06299626
1696380180000,27240.5,27262,27240.5,27262,1153579,42.33236735
1696380240000,27262,27267.5,27243.5,27246,1917412,70.35540464
1696380300000,27246,27267.5,27241,27267.5,1658408,60.85976012
1696380360000,27267.5,27279.5,27266.5,27279,1199849,43.99309525
1696380420000,27279,27288,27269,27288,1270769,46.58669506
1696380480000,27288,27311.5,27288,27309,1105618,40.50380026
1696380540000,27309,27326.5,27309,27323.5,936578,34.28320754
1696380600000,27323.5,27331.5,27323.5,27327,580290,21.23362723
1696380660000,27327,27327,27303.5,27303.5,1512587,55.38068112
1696380720000,27303.5,27312,27302.5,27304.5,777059,28.45649203
1696380780000,27304.5,27310,27284,27287,943184,34.55355528
1696380840000,27287,27298,27286.5,27292.5,1020822,37.40296544
1696380900000,27292.5,27312,27289,27309.5,1352559,49.5412784
1696380960000,27309.5,27320,27307.5,27319,636298,23.29557379
1696381020000,27319,27319.5,27293,27293,864944,31.67707467
1696381080000,27293,27293.5,27282.5,27282.5,407421,14.92956248
1696381140000,27282.5,27293.5,27280.5,27293.5,554170,20.30826138
1696381200000,27293.5,27293.5,27269.5,27269.5,1398799,51.27389675
1696381260000,27269.5,27275.5,27259,27263.5,1293704,47.45338589
1696381320000,27263.5,27275,27258,27262,1200886,44.04391948
1696381380000,27262,27301.5,27262,27301.5,1232312,45.17235286
1696381440000,27301.5,27314,27299,27314,698495,25.57849261
1696381500000,27314,27316,27307.5,27316,710232,26.00685383
1696381560000,27316,27318,27307.5,27313,730813,26.757263
1696381620000,27313,27319,27312.5,27319,531631,19.4622468
1696381680000,27319,27329.5,27317.5,27317.5,504300,18.45714093
1696381740000,27317.5,27319,27311.5,27312.5,174416,6.38490619
1696381800000,27312.5,27321,27312.5,27318.5,638285,23.36523096
1696381860000,27318.5,27324.5,27318.5,27324,388558,14.22193369
1696381920000,27324,27329,27324,27329,113856,4.1663537
1696381980000,27329,27331,27325,27325,488541,17.87744431
1696382040000,27325,27329,27321,27324,190417,6.96883527
1696382100000,27324,27328,27323,27324,173458,6.348092
1696382160000,27324,27328,27318,27318.5,525136,19.2187859
1696382220000,27318.5,27320.5,27285.5,27285.5,968046,35.44873433
1696382280000,27285.5,27286,27274,27274.5,445367,16.32685979
1696382340000,27274.5,27274.5,27266,27266,565811,20.74916292
1696382400000,27266,27267.5,27253,27253,706853,25.93078201
1696382460000,27253,27254.5,27247.5,27247.5,540735,19.84281671
1696382520000,27247.5,27265,27246,27265,873947,32.06641534
1696382580000,27265,27265,27245.5,27248,728954,26.74474762
1696382640000,27248,27279.5,27247.5,27274,1041782,38.21284407
1696382700000,27274,27286,27274,27286,727371,26.66022518
1696382760000,27286,27297.5,27286,27294,397120,14.54892821
1696382820000,27294,27302.5,27291,27299.5,424398,15.54700082
1696382880000,27299.5,27312,27290.5,27312,710227,26.0146584
1696382940000,27312,27336.5,27312,27336.5,749333,27.4179645
1696383000000,27336.5,27338.5,27321,27323,1027348,37.59206838
1696383060000,27323,27323,27302,27302,745229,27.28338743
1696383120000,27302,27309,27294,27302,366726,13.4340993
1696383180000,27302,27302,27278,27286.5,537638,19.70218058
1696383240000,27286.5,27292.5,27285,27287,190267,6.97204963
1696383300000,27287,27292.5,27276.5,27276.5,507060,18.58235267
1696383360000,27276.5,27282,27267.5,27279.5,977243,35.83203132
1696383420000,27279.5,27285.5,27276.5,27282.5,436125,15.98630025
1696383480000,27282.5,27287,27281,27287,88741,3.25231353
1696383540000,27287,27287,27270.5,27274,769772,28.21748238
1696383600000,27274,27286.5,27274,27278,357265,13.09594185
1696383660000,27278,27303.5,27278,27303.5,420364,15.40231633
1696383720000,27303.5,27306.5,27300.5,27301,348396,12.76083973
1696383780000,27301,27301,27296,27297,181,0.00663048
1696383840000,27297,27308,27296,27302,535082,19.59994553
