,filename,bankAccount,heldQuality,totalIncome
0,data/1min/1min_0.csv,2900.6163195570366,0.003164227014245049,221.91986059187641
1,data/1min/1min_1.csv,2384.1499540911636,0.003965649636667744,177.10565780678337
2,data/1min/1min_2.csv,2919.5639134416733,0.006856225166461047,262.3050324758992
3,data/1min/1min_3.csv,2585.660017929765,0.005712325247961341,218.14498289668856
4,data/1min/1min_4.csv,2737.575327274552,0.002831443994407764,202.53222389282382
5,data/1min/1min_5.csv,2394.4339453177545,0.005819662095597882,199.41355751138772
6,data/1min/1min_6.csv,2864.2425937989365,0.003341850331309018,218.52122797946768
7,data/1min/1min_7.csv,2368.937921050728,0.005293084352642771,189.90112070039623
8,data/1min/1min_8.csv,2679.422535760552,0.0028079860055551845,196.04176953364595
9,data/1min/1min_9.csv,2663.759170603608,0.0028583214478613774,194.11263964219043
10,data/1min/1min_10.csv,2791.012623503377,0.0030221441543683723,208.68472926303428
11,data/1min/1min_11.csv,2843.1548999242364,0.0030177138330504507,213.46207904894138
12,data/1min/1min_12.csv,2693.5508931642844,0.006627898169717749,233.2864694818919
13,data/1min/1min_13.csv,2432.701587449753,0.005926337201906658,199.53450782301704
14,data/1min/1min_14.csv,2933.7994343916644,0.003197052530743087,223.98660613698232
15,data/1min/1min_15.csv,3359.2153432898735,0.0037916067266649863,271.35277212731734
16,data/1min/1min_16.csv,2556.9613679763065,0.006219542794960951,214.54482876927167
17,data/1min/1min_17.csv,2454.7614317512707,0.005875242021827986,203.06761556989375
18,data/1min/1min_18.csv,2680.403157077184,0.006607314535120986,232.38928233098846
19,data/1min/1min_19.csv,2731.656661562795,0.006499565199373506,235.26186211457403
20,data/1min/1min_20.csv,2954.2541171154016,0.003227340995030299,226.81743483610038
21,data/1min/1min_21.csv,2438.0672361927136,0.007268011260089859,216.02640770684323
22,data/1min/1min_22.csv,2935.8935988275925,0.006603170078809475,260.52536481314695
23,data/1min/1min_23.csv,2728.603601310487,0.006660907752290378,237.35859598725168
24,data/1min/1min_24.csv,3219.004447007367,0.00806065909030422,298.1816859359217
25,data/1min/1min_25.csv,2659.9095373304604,0.006524557398098523,228.06559281855542
26,data/1min/1min_26.csv,3064.762097422939,0.0033652419074701166,238.56143566068621
27,data/1min/1min_27.csv,2532.817796736239,0.005915233361561864,211.12033995963967
28,data/1min/1min_28.csv,2069.610871265798,0.003962113443077276,145.4864990846695
29,data/1min/1min_29.csv,1116.737435673842,0.0026775507395140658,37.98991713316121
30,data/1min/1min_30.csv,1215.1523398866138,0.001195522375424266,33.705676770268774
31,data/1min/1min_31.csv,1318.048361691397,0.0012749284255057407,45.06115945902074
32,data/1min/1min_32.csv,1358.3836592209939,0.0005775264694867757,42.63466853869629
33,data/1min/1min_33.csv,1161.651142523917,0.002439549165274656,42.352210812115985
34,data/1min/1min_34.csv,1618.6199877870292,0.0015098909002849003,78.095439804026
35,data/1min/1min_35.csv,1488.6478848429722,0.0028894095199072144,79.18177340144766
36,data/1min/1min_36.csv,1310.4074655248353,0.002125127355594521,52.90618191419555
37,data/1min/1min_37.csv,1373.4357763094802,0.0011019704877194205,48.51078125792346
38,data/1min/1min_38.csv,590.3633129755597,0.0012855548795338441,-27.417391270332065
39,data/1min/1min_39.csv,1270.925722395184,0.01254558008110669,107.49280402630279
40,data/1min/1min_40.csv,1345.6637781112913,0.0013491039040279228,48.19833075418408
41,data/1min/1min_41.csv,1192.1450081319092,0.0026746797569903273,46.18837869446268
42,data/1min/1min_42.csv,1179.6866284820348,0.0024076801778377603,41.235882166783135
43,data/1min/1min_43.csv,1180.7632230256763,0.0026924045939155775,45.27943597788276
44,data/1min/1min_44.csv,1305.8546581043838,0.0013493458162435947,43.93332955930164
45,data/1min/1min_45.csv,1400.3378846487726,0.0013878797780023215,54.085932429172956
46,data/1min/1min_46.csv,1187.849977061679,0.0026290267829180663,46.054709463324706
47,data/1min/1min_47.csv,1239.735336423792,0.001901111467907406,42.902140083746076
48,data/1min/1min_48.csv,1276.1787399996697,0.0011066251799419162,38.833188211124295
49,data/1min/1min_49.csv,1208.0341735159457,0.0012920631227704895,33.52274514477183
50,data/1min/1min_50.csv,1407.8091729060811,0.002096206524524318,62.45894187430259
51,data/1min/1min_51.csv,1272.0646101694215,0.0013527092385426927,40.325508660562676
52,data/1min/1min_52.csv,1137.8509060143815,0.002656912911336637,39.26422119292866
53,data/1min/1min_53.csv,912.7055241034816,0.004914362343444764,42.524648753188146
54,data/1min/1min_54.csv,1090.1297535207266,0.002754712586961772,35.236186352396544
55,data/1min/1min_55.csv,1223.2039587335594,0.0012192352738780014,34.25792843989545
56,data/1min/1min_56.csv,1225.5707327613184,0.0030155206818731585,52.679712471499194
57,data/1min/1min_57.csv,1114.1334546931687,0.00257979371359031,36.47655735558944
58,data/1min/1min_58.csv,1079.9594916489223,0.0031598078863334664,38.84483757837722
59,data/1min/1min_59.csv,1299.3507630616284,0.0021569396944341856,50.83398854648983
60,data/1min/1min_60.csv,1310.711646157611,0.003066648175657958,60.742672371748476
61,data/1min/1min_61.csv,945.1346782620271,0.011296027211380268,103.19254562689228
62,data/1min/1min_62.csv,1256.9840679670365,0.0022412139323126387,48.040620245141874
63,data/1min/1min_63.csv,1060.9114946671293,0.002566527529478794,29.81869647674439
64,data/1min/1min_64.csv,1250.980527963246,0.0012918817152513203,37.43016186785642
65,data/1min/1min_65.csv,1121.10900526214,0.0026860429695439005,38.4166623484422
66,data/1min/1min_66.csv,1145.8195977665723,0.002608615152621793,40.21773389677501
67,data/1min/1min_67.csv,1330.3778871699633,0.0005255742747817054,38.19559069870782
68,data/1min/1min_68.csv,1135.786511637705,0.002606271133295547,39.45905383095194
69,data/1min/1min_69.csv,1413.9982732865253,0.0010789068695062863,52.06843607173502
70,data/1min/1min_70.csv,1678.8901870633115,1.551542258867058e-08,67.88941286090238
71,data/1min/1min_71.csv,1342.719220746857,0.0022693476578491216,55.21936256522781
72,data/1min/1min_72.csv,1142.7505576884266,0.002758688420624068,39.86464955855151
73,data/1min/1min_73.csv,1182.0732103307748,0.0028733577808161053,44.769071362608685
74,data/1min/1min_74.csv,1227.9357583555052,0.002992143668061333,50.20116301344213
75,data/1min/1min_75.csv,1205.407389452096,0.001353934231260347,32.96626726246672
76,data/1min/1min_76.csv,1174.3566521974114,0.0013070330851896177,29.22954756064114
77,data/1min/1min_77.csv,1162.2297250936099,0.002816334015075154,41.971587875587105
78,data/1min/1min_78.csv,1283.0264929019338,0.001339635213941596,40.55106801478278
79,data/1min/1min_79.csv,1065.4781553705848,0.0026464890651056857,30.358542304720842
80,data/1min/1min_80.csv,1127.9347436984053,0.0027694631271789273,37.566460515612405
81,data/1min/1min_81.csv,1171.9226698035263,0.0031826122860738153,47.32301227629927
82,data/1min/1min_82.csv,1222.0222014662077,0.003156908109007661,49.86210192531318
83,data/1min/1min_83.csv,1406.3757917935613,0.0030781207025309017,67.70349451671036
84,data/1min/1min_84.csv,1392.5787646275317,0.0035885829603652937,70.73477304130131
85,data/1min/1min_85.csv,1307.140774343418,0.003593879271242181,59.745973269326804
86,data/1min/1min_86.csv,1304.4795377911025,0.003599776141183524,59.28684037897383
87,data/1min/1min_87.csv,1351.7393304621137,0.002197694696255362,51.95102447268998
88,data/1min/1min_88.csv,1329.0108070249576,0.0038631954281559593,62.79158952899545
89,data/1min/1min_89.csv,1238.583799000655,0.003630187164626067,52.00140589382909
90,data/1min/1min_90.csv,1359.6664994283888,0.004000650771819752,67.18072742726953
91,data/1min/1min_91.csv,1420.2284274417157,0.004102169268627078,73.14333457522062
92,data/1min/1min_92.csv,1367.8251855993867,0.003687119489632249,63.99825364876119
93,data/1min/1min_93.csv,1477.3106137688367,0.004607103302769583,82.2576149484995
94,data/1min/1min_94.csv,1407.4105795400012,0.00228955474727764,56.890317886185585
95,data/1min/1min_95.csv,1548.8863902020028,0.0025103237898657007,72.09251553309738
96,data/1min/1min_96.csv,1458.7962518430702,0.0021452844683959023,60.60024541376945
97,data/1min/1min_97.csv,1573.9662903085996,0.00227846068214331,73.27715821629651
98,data/1min/1min_98.csv,1597.0232469624348,0.0023684840997333116,75.98020536848063
99,data/1min/1min_99.csv,1092.03535778844,0.010073728304082976,80.25404519395643
100,data/1min/1min_100.csv,1583.8958315819962,0.005096474548045019,94.39464689777326
101,data/1min/1min_101.csv,1861.8561847991698,0.002701145979478888,105.89642092137032
102,data/1min/1min_102.csv,1499.7884800708205,0.0034748160724551343,76.01095383629057
103,data/1min/1min_103.csv,1568.428809952335,0.004869189022753052,92.47195437197328
104,data/1min/1min_104.csv,1511.3706155794573,0.00482098060233823,85.16330160021884
105,data/1min/1min_105.csv,1458.0279346970844,0.006250275998402492,90.1916285827631
106,data/1min/1min_106.csv,1713.1403378187274,0.004216560794931492,99.62676372355949
107,data/1min/1min_107.csv,1673.6546967702982,0.003355890052170483,89.72173802657915
108,data/1min/1min_108.csv,1480.3737057751712,0.0043578542338165655,77.31844685266569
109,data/1min/1min_109.csv,1574.566421346289,0.0029283432966379875,77.12661689247594
110,data/1min/1min_110.csv,1748.3756385816623,0.0027444405329974672,93.48274395124443
111,data/1min/1min_111.csv,1658.673839720707,0.002486288965962083,82.5834505769236
112,data/1min/1min_112.csv,1712.626310020552,0.0023730213047768226,87.05663024919306
113,data/1min/1min_113.csv,1477.4304182751534,0.005005971606898378,82.01292225402025
114,data/1min/1min_114.csv,1668.9097497427324,0.002451809071723529,84.09715808736105
115,data/1min/1min_115.csv,1605.8353262009337,0.002373972682176779,76.76548001088315
116,data/1min/1min_116.csv,1380.841171533766,0.004371182893765064,68.23194701252959
117,data/1min/1min_117.csv,1588.0613854320852,0.004804137591544702,93.2964835541854
118,data/1min/1min_118.csv,1502.89316975347,0.00495932928125656,84.4449616347531
119,data/1min/1min_119.csv,1613.2775313734192,0.0028576386506304606,81.76544188471844
120,data/1min/1min_120.csv,1337.9488620997683,0.004195807029214007,62.201548749512966
121,data/1min/1min_121.csv,1643.4914206724234,0.0024386509055929102,80.99915305772322
122,data/1min/1min_122.csv,1883.2752438858518,0.0027887176608699764,108.0385991232633
123,data/1min/1min_123.csv,1688.6119005766077,0.004666397779990389,99.94103251161975
124,data/1min/1min_124.csv,1573.5817242399694,0.001151984066753753,65.49164072890514
125,data/1min/1min_125.csv,1347.1115372682693,0.007688071505478509,84.74127904872833
126,data/1min/1min_126.csv,1811.5322255725687,0.003298182496112953,101.96673301722726
127,data/1min/1min_127.csv,1490.6781200313387,0.0024004680989796997,64.21404556726608
128,data/1min/1min_128.csv,1365.5709824563576,0.0035377579811947165,58.99975043883974
129,data/1min/1min_129.csv,1580.8926357572784,0.0025055107748461593,73.8202382511382
130,data/1min/1min_130.csv,1676.6803910596977,0.002554713151496118,83.09684597745786
131,data/1min/1min_131.csv,1406.2862749235705,0.007067097211937925,85.76017035237444
132,data/1min/1min_132.csv,1763.9363800304975,0.002841448646694783,94.75053284015674
133,data/1min/1min_133.csv,1642.2239605556356,0.002119922321405646,77.45336124403654
134,data/1min/1min_134.csv,1527.1845366047644,0.002488394047852776,68.25486631794763
135,data/1min/1min_135.csv,1626.864310913421,0.0026164603195730643,79.09006741887346
136,data/1min/1min_136.csv,1711.8097776619163,0.0027191540605764034,88.48880123486951
137,data/1min/1min_137.csv,1668.9616267899344,0.001435124019677071,75.73889459483667
138,data/1min/1min_138.csv,1856.159670338495,0.0014415670097091891,94.88632408153688
139,data/1min/1min_139.csv,1654.5202018352493,0.0026786704308370476,82.32375982567362
140,data/1min/1min_140.csv,1374.8349387623348,0.005303021546890549,69.71472853607953
141,data/1min/1min_141.csv,1400.4477549517437,0.005236842380795425,73.12617065677813
142,data/1min/1min_142.csv,1636.2057007592841,0.004341180634736513,91.12694175471418
143,data/1min/1min_143.csv,2007.1465395147113,0.003389742463050744,121.19395252911535
144,data/1min/1min_144.csv,1848.3548669176325,0.0029647454243313326,103.77739344508737
145,data/1min/1min_145.csv,1735.9718013637887,0.00696785465200917,117.95384606560407
146,data/1min/1min_146.csv,1630.4717879991144,0.006951583745191876,110.93142553272936
147,data/1min/1min_147.csv,2195.0173767532883,0.0033601151001988712,142.09044744792575
148,data/1min/1min_148.csv,1811.5030359624584,0.004308154762512877,110.093564329498
149,data/1min/1min_149.csv,1704.202452038751,0.005078735482091098,105.7717992740666
150,data/1min/1min_150.csv,1948.4286888226482,0.0031259967186103932,115.28157322755514
151,data/1min/1min_151.csv,1789.6590053187547,0.006276619380502577,119.0220300943668
152,data/1min/1min_152.csv,1553.8529424122498,0.005584979835661268,91.1191122257529
153,data/1min/1min_153.csv,1695.7895303009097,0.0027480723447079504,87.14037194532989
154,data/1min/1min_154.csv,2391.1828615316576,0.0038799702747511953,163.61894044862336
155,data/1min/1min_155.csv,1987.592008626432,0.0039420677945598455,123.93876469361476
156,data/1min/1min_156.csv,2290.2670401258492,0.0036045148425966006,153.2241726024202
157,data/1min/1min_157.csv,2096.1062537243056,0.0011777588813812996,117.23107866263199
158,data/1min/1min_158.csv,1910.4682434361732,0.006789842511347546,133.9399569484276
159,data/1min/1min_159.csv,2158.4611256875282,0.003434524698458779,138.34207761742292
160,data/1min/1min_160.csv,1667.3223484959033,0.009628887875284278,129.85392787162263
161,data/1min/1min_161.csv,2558.911286137826,0.003935063787578814,180.7085921560953
162,data/1min/1min_162.csv,3129.9998725800697,0.013292266210735981,293.54380974865114
163,data/1min/1min_163.csv,3376.215225691147,0.005584346739591002,272.49800169655634
164,data/1min/1min_164.csv,3585.9249628283897,0.004749529770214772,287.8384382724019
165,data/1min/1min_165.csv,2084.512584707382,0.007757194904861713,153.2634098568886
166,data/1min/1min_166.csv,920.6797823627569,0.002158627337510966,4.934692344243558
167,data/1min/1min_167.csv,824.7493533566544,0.0035089602487642976,3.390443794449902
168,data/1min/1min_168.csv,789.549556043041,0.004560373991161874,6.084164440326958
169,data/1min/1min_169.csv,865.9303250558237,0.003262326127208502,6.038127386808651
170,data/1min/1min_170.csv,874.6901527756852,0.0032861537294023692,7.054491504806629
171,data/1min/1min_171.csv,777.9996436134313,0.0047749289914584695,6.258541150435621
172,data/1min/1min_172.csv,980.1401749917557,0.0012848728678810685,5.654128546169977
173,data/1min/1min_173.csv,573.7520814185118,0.008052616578175988,5.36840031695117
174,data/1min/1min_174.csv,624.2169221238813,0.00730641403206202,5.9675545227761635
175,data/1min/1min_175.csv,962.050854149571,0.0016056608004775487,5.774743502763272
176,data/1min/1min_176.csv,883.2719386696388,0.0030923623300038615,6.757518735670397
177,data/1min/1min_177.csv,857.4744401400841,0.003294941293480584,5.383646652505945
178,data/1min/1min_178.csv,952.1707982237622,0.0016790999025371,5.224431286502204
179,data/1min/1min_179.csv,861.4921397682598,0.0032643424576012763,5.604531807006697
180,data/1min/1min_180.csv,907.6525103939985,0.0025976551870611243,6.209739836831113
181,data/1min/1min_181.csv,579.6154256468711,0.008184782291787325,6.742435784624967
182,data/1min/1min_182.csv,677.7479524903782,0.006213565799097538,4.807336733369198
183,data/1min/1min_183.csv,822.9043012662377,0.0038748912085619716,5.384394240532265
184,data/1min/1min_184.csv,973.6978421361171,0.0015678113599013682,6.713783137487872
185,data/1min/1min_185.csv,705.3806356391708,0.005932677745480944,5.774609765426613
186,data/1min/1min_186.csv,921.7201731556465,0.002230665128311526,5.4664468805321125
187,data/1min/1min_187.csv,898.1134432723977,0.002663505872590964,5.68543980200102
188,data/1min/1min_188.csv,780.9450377897278,0.004643752527068605,5.770340089796264
189,data/1min/1min_189.csv,625.4634498971847,0.007323428980197434,6.192150854450119
190,data/1min/1min_190.csv,978.4376994185004,0.0012942247311753096,5.555472713794688
191,data/1min/1min_191.csv,1052.9240005048982,4.494201070505083e-05,5.560189268376393
192,data/1min/1min_192.csv,753.4105846219406,0.005097490189122524,5.713434256042796
193,data/1min/1min_193.csv,886.1443997610323,0.0025307731849726206,3.6935458441256057
194,data/1min/1min_194.csv,573.6377322091739,0.008031566544520141,5.218256163131741
195,data/1min/1min_195.csv,892.942559783786,0.0023625588516458357,3.3546706001210396
196,data/1min/1min_196.csv,957.2163388926217,0.0008956268520364171,1.0423291104975192
197,data/1min/1min_197.csv,968.0757953342439,0.0007736290998180606,1.4035166081685362
198,data/1min/1min_198.csv,917.9585333072125,0.0016610707908921558,1.663693524634732
199,data/1min/1min_199.csv,837.2669603302747,0.0030665022948823785,1.9437128911204808
200,data/1min/1min_200.csv,1009.007873942321,0.00020027089137589853,2.090526665084326
201,data/1min/1min_201.csv,946.1118661052905,0.0012518213321098884,2.0476938249944396
202,data/1min/1min_202.csv,878.333323817602,0.002282582926240747,1.3922173510691778
203,data/1min/1min_203.csv,1365.054940517072,0.0025056979748404565,51.344989168104846
204,data/1min/1min_204.csv,193.88437392858853,0.020546257048134647,44.59630053133899
205,data/1min/1min_205.csv,1698.312476247413,8.733958274933093e-05,70.34912768065347
206,data/1min/1min_206.csv,940.1082548461112,0.0020206272891003293,5.208030575796148
207,data/1min/1min_207.csv,576.3269368363882,0.009329079745859585,8.882459721505755
208,data/1min/1min_208.csv,1029.5759208052502,5.821222034874394e-06,2.992241449382095
209,data/1min/1min_209.csv,682.2827846818119,0.006271546181873632,2.7957867134322667
210,data/1min/1min_210.csv,820.381659243777,0.00414868264111084,3.440182499208231
211,data/1min/1min_211.csv,875.2743180193995,0.0029808142002250015,2.867297839137859
212,data/1min/1min_212.csv,766.3095764812617,0.004925939875179311,2.282296954134915
213,data/1min/1min_213.csv,889.859707810072,0.002899272541625186,4.083642614266182
214,data/1min/1min_214.csv,878.5651370171905,0.0037848175514618946,7.565572619201726
215,data/1min/1min_215.csv,973.4839437504718,0.002815102610176774,12.007759707281707
216,data/1min/1min_216.csv,928.3669869185118,0.0018827744791492847,2.64105851457316
217,data/1min/1min_217.csv,929.013243868946,0.0019872970830067636,4.077783816870487
218,data/1min/1min_218.csv,1055.458540032609,0.0005099589877551654,8.48997472931842
219,data/1min/1min_219.csv,976.4549796558226,0.009269656301133234,53.65368830265938
220,data/1min/1min_220.csv,982.00757770836,0.003806661605669768,20.944989865472007
221,data/1min/1min_221.csv,644.6717038717838,0.009196847658140644,16.623872983642695
222,data/1min/1min_222.csv,998.9186721556869,0.006695834518229134,36.08318757832308
223,data/1min/1min_223.csv,571.0201213868172,0.01597113412259027,49.035054375135815
224,data/1min/1min_224.csv,1091.1049539914134,0.00149126805918877,16.707462273066675
225,data/1min/1min_225.csv,1399.2802298447632,2.3415696822932105e-08,39.92815191949853
226,data/1min/1min_226.csv,1209.267859431523,2.3850237622078625e-14,20.926785943271625
227,data/1min/1min_227.csv,971.8777650769325,0.0010936517188953423,1.376079812960802
228,data/1min/1min_228.csv,894.3619381900213,0.002906045564844516,0.5653312164089357
229,data/1min/1min_229.csv,919.5877232136464,0.0022934593674935133,0.7419189880861723
230,data/1min/1min_230.csv,685.7592841581363,0.0019410243825988202,-23.990627557366793
231,data/1min/1min_231.csv,949.9621447540767,0.0017144673264315252,6.006952262582535
232,data/1min/1min_232.csv,965.9814987373595,0.00256264733537226,12.996658305149822
233,data/1min/1min_233.csv,1138.105500930036,0.00010027764138810524,14.445478034980669
234,data/1min/1min_234.csv,191.82567408149194,0.012096277157817949,-6.720477233921178
235,data/1min/1min_235.csv,922.3651059159216,0.00195741453151987,1.0471270101428218
236,data/1min/1min_236.csv,311.6225766912647,0.01593672317371657,0.015276468851538993
237,data/1min/1min_237.csv,824.2101405864586,0.0040780730453228355,0.03992084365863775
238,data/1min/1min_238.csv,387.99868576061914,0.014217979746716004,0.4255690912404134
239,data/1min/1min_239.csv,807.4112071165689,0.006304267652306544,7.978078676682071
240,data/1min/1min_240.csv,889.1776991592561,0.005051051362210021,4.042133009791087
241,data/1min/1min_241.csv,863.812806997709,0.0027554745698106942,-5.3680017958449415
242,data/1min/1min_242.csv,1037.0014793970051,1.560821967132233e-05,3.767655831011939
243,data/1min/1min_243.csv,600.723321462131,0.0058720440852642886,0.13523372454150148
244,data/1min/1min_244.csv,920.1895303126731,0.001621580636170084,3.082430158633133
245,data/1min/1min_245.csv,476.21133504439763,0.007671624850478827,0.0474834076419711
246,data/1min/1min_246.csv,610.2613310248773,0.005622521116142299,0.5946254573391571
247,data/1min/1min_247.csv,990.8249673462956,0.0007935289546553336,4.452029435648068
248,data/1min/1min_248.csv,929.7251430466386,0.0056373818415031505,32.57709482486803
249,data/1min/1min_249.csv,914.5255128930282,0.0031383742300004876,11.882269095625498
250,data/1min/1min_250.csv,942.8777913460212,0.0011547407835152854,1.6587782409760734
251,data/1min/1min_251.csv,675.2306124414057,0.005296644150466712,1.9827632548694736
252,data/1min/1min_252.csv,1114.2893208179041,1.8710992427084377e-08,11.429053567586493
253,data/1min/1min_253.csv,278.66911941459654,0.007357855704352837,-38.62430950256187
254,data/1min/1min_254.csv,350.31500938591176,0.010385646221361964,2.4660211362054723
255,data/1min/1min_255.csv,662.8667054771661,0.005367197021141023,1.0983104268372812
256,data/1min/1min_256.csv,792.0418444405797,0.0034341616766451533,0.6333533063237269
257,data/1min/1min_257.csv,1002.0007836663074,2.126001022647058e-06,0.21283724286799952
258,data/1min/1min_258.csv,401.33814075712723,0.010137990727377142,0.665729110736163
259,data/1min/1min_259.csv,998.1138532155728,1.535739941083071e-08,-0.18852513635758897
260,data/1min/1min_260.csv,578.4019263566836,0.007243913787836624,-0.10526586904611576
261,data/1min/1min_261.csv,877.4476303124657,0.002132060840986564,-0.03916796815271937
262,data/1min/1min_262.csv,900.3797077048865,0.0017321189334611627,0.10504601176493224
263,data/1min/1min_263.csv,793.0057756718084,0.0035211329334178965,-0.3842459734646127
264,data/1min/1min_264.csv,846.0572003544053,0.0027351383606510015,0.4026483942984214
265,data/1min/1min_265.csv,908.6817419020773,0.0015910826074980453,-0.01985482491171524
266,data/1min/1min_266.csv,883.0129777936878,0.0017214924112208191,-1.840575927775194
267,data/1min/1min_267.csv,1000.9977871227009,1.2946198257691433e-06,0.10719533032795425
268,data/1min/1min_268.csv,770.6256962661297,0.004038856112274625,0.48026125119247354
269,data/1min/1min_269.csv,894.7759621475117,0.0020073102490244716,0.8704869951393677
270,data/1min/1min_270.csv,540.029487608522,0.008181775601758015,-0.004426960205387331
271,data/1min/1min_271.csv,722.1564592376635,0.004754421628183925,-0.677732326387229
272,data/1min/1min_272.csv,752.5149337866308,0.003979361529331735,-1.8323584142977893
273,data/1min/1min_273.csv,986.8669265097972,8.007015273606916e-05,-0.8290550757954519
274,data/1min/1min_274.csv,808.2638078037762,0.003056890397733588,-0.10947509867673944
275,data/1min/1min_275.csv,846.0607770770258,0.0024610429373184556,0.06671859637772286
276,data/1min/1min_276.csv,908.5736576705476,0.0014711476337197502,0.07947538117207387
277,data/1min/1min_277.csv,349.06521322170096,0.010570133702948067,0.32930686319687086
278,data/1min/1min_278.csv,613.6338268832327,0.006402233310805768,0.25759027479939506
279,data/1min/1min_279.csv,908.5586154356866,0.0015606852233934505,0.39032167606276286
280,data/1min/1min_280.csv,512.4932313260749,0.00797208218144609,-0.6766296886181635
281,data/1min/1min_281.csv,763.32242663529,0.0038273119129286232,-0.06491613503583267
282,data/1min/1min_282.csv,820.8246228976964,0.00305671547507012,0.794757413506386
283,data/1min/1min_283.csv,917.5727916763901,0.001917921766971363,3.490261473174678
284,data/1min/1min_284.csv,868.9952272619967,0.00220389102810862,0.5085498247703981
285,data/1min/1min_285.csv,915.224900432906,0.0016782985785615298,1.7238601232190034
286,data/1min/1min_286.csv,805.7396064465893,0.0028364904071531633,-2.04785540235614
287,data/1min/1min_287.csv,276.43825736226836,0.011359238661932334,-0.005207492394447399
288,data/1min/1min_288.csv,825.4592214992599,0.0027286625841839093,0.09981785336871099
289,data/1min/1min_289.csv,952.919579164674,0.0008006067754989535,0.43569632769307415
290,data/1min/1min_290.csv,585.9548415344883,0.006459464929431143,-0.0016064616228504748
291,data/1min/1min_291.csv,992.3513366809075,1.291900099601516e-05,-0.68146319932913
292,data/1min/1min_292.csv,594.0704254553548,0.006222082316573322,0.6908698201152902
293,data/1min/1min_293.csv,206.80288608369045,0.012258639691641034,0.39944838707986036
294,data/1min/1min_294.csv,1007.386542287983,1.4357978411262615e-09,0.7386635975227932
295,data/1min/1min_295.csv,962.2776470632257,0.0006115821235273982,0.24084428448464906
296,data/1min/1min_296.csv,978.400892126275,0.00038228705638048674,0.35987700170102244
297,data/1min/1min_297.csv,891.3787362104674,0.0016797829720750393,0.3219526382709546
298,data/1min/1min_298.csv,608.1261940094357,0.005947047052959344,0.20794054621480884
299,data/1min/1min_299.csv,889.1759635520073,0.001701136621830844,0.17835528024108951
300,data/1min/1min_300.csv,319.0600576958932,0.010114379698199697,-1.1099975221284581
301,data/1min/1min_301.csv,1060.9557250125895,1.1762890896435668e-09,6.095580390335795
302,data/1min/1min_302.csv,760.8316814515133,0.003437349086569021,-0.6487284180456526
303,data/1min/1min_303.csv,894.1137279571266,0.0017744313565977693,1.4447677620482637
304,data/1min/1min_304.csv,919.267668931614,0.001247867792100292,0.33539922345000833
305,data/1min/1min_305.csv,176.05421732582056,0.012300418816743909,0.24947567852103703
306,data/1min/1min_306.csv,856.3821922761153,0.0020762583341000797,0.18074785131531143
307,data/1min/1min_307.csv,1001.4820743064228,9.310361878140979e-06,0.2130713252930036
308,data/1min/1min_308.csv,855.9519823212407,0.002093397876005679,0.11762264744446611
309,data/1min/1min_309.csv,429.7332239072241,0.008203035604703729,-0.046751691884549015
310,data/1min/1min_310.csv,393.1156039571806,0.008637702847405657,-0.736735451293498
311,data/1min/1min_311.csv,816.3258083338955,0.0026216294821389706,0.31365711574131866
312,data/1min/1min_312.csv,929.26622623692,0.00114542681052575,1.0852114383642857
313,data/1min/1min_313.csv,999.7120673527819,2.771412172324564e-05,0.16843151110949747
314,data/1min/1min_314.csv,792.493130522289,0.002964498507255898,0.3654359194126641
315,data/1min/1min_315.csv,972.5792617141159,0.00044566649267374593,0.3355652698686754
316,data/1min/1min_316.csv,349.7272293237263,0.00937138902379395,-0.18054500913156063
317,data/1min/1min_317.csv,71.91592357501965,0.013561153426635575,0.43401497302019154
318,data/1min/1min_318.csv,273.04537822688246,0.010773131165648805,0.043103483474135375
319,data/1min/1min_319.csv,854.3083908812134,0.002164114913952437,0.0698862178069021
320,data/1min/1min_320.csv,940.9345986745185,0.0007366922650305886,-0.9250270364113136
321,data/1min/1min_321.csv,996.8434315758318,8.347371701598936e-07,-0.30996030380963474
322,data/1min/1min_322.csv,902.2392719167675,0.0014761129374870248,0.347773967784633
323,data/1min/1min_323.csv,958.7174938599394,0.0005983907292657738,-0.08055620403358717
324,data/1min/1min_324.csv,649.2487911816653,0.005164077683138406,0.3584563449048574
325,data/1min/1min_325.csv,526.228164665724,0.006828900886902628,-0.6784277084326731
326,data/1min/1min_326.csv,974.6603251972448,0.00035932505267307724,-0.0331190124288014
327,data/1min/1min_327.csv,665.1408496307018,0.00477169202962925,-0.6347240897442816
328,data/1min/1min_328.csv,91.16424539836217,0.013117917118860617,-0.08266495512248184
329,data/1min/1min_329.csv,1001.6043122858179,5.756917582708203e-07,0.16441680019347588
330,data/1min/1min_330.csv,1006.4205525677737,2.413988707105529e-06,0.6586614471918552
331,data/1min/1min_331.csv,994.0653739055995,4.620342823540072e-06,-0.5623741707175782
332,data/1min/1min_332.csv,184.05145399218094,0.011913881189272805,-0.46608925430980436
333,data/1min/1min_333.csv,998.6849067416063,2.6253697161413526e-09,-0.13149110078534249
334,data/1min/1min_334.csv,920.913721317645,0.001095312455498664,-0.26060864771607156
335,data/1min/1min_335.csv,159.80759610624017,0.011905660462407285,0.10139417380892156
336,data/1min/1min_336.csv,1001.6617674670312,7.612007798193948e-06,0.21938620361405584
337,data/1min/1min_337.csv,876.0063708409018,0.0019054960362377407,0.39156505174145195
338,data/1min/1min_338.csv,721.3284239023162,0.0041663280204545,-0.0008809613594848997
339,data/1min/1min_339.csv,948.7679889108515,0.0008353397137378461,0.4685629348462953
340,data/1min/1min_340.csv,1289.1076907301035,0.0015088457732202426,39.01211431327656
341,data/1min/1min_341.csv,905.6315957607396,0.0015166178690221017,0.6485167432840399
342,data/1min/1min_342.csv,812.1359764817081,0.002933647872073554,0.29991070388134633
343,data/1min/1min_343.csv,319.4226517468289,0.01043194031882092,0.9119953985355096
344,data/1min/1min_344.csv,859.6123144368046,0.0023544416847679304,0.5837269711001682
345,data/1min/1min_345.csv,343.63045227489425,0.010610701348077883,-0.13974802616282886
346,data/1min/1min_346.csv,989.642481337529,0.00021035788096469786,0.28801976076970276
347,data/1min/1min_347.csv,573.2405849127136,0.008217745311474428,19.36392672024756
348,data/1min/1min_348.csv,854.6143856080264,0.0024215053618246852,0.27669266551843064
349,data/1min/1min_349.csv,917.3392129403992,0.0014117157994937872,0.33021172610746136
350,data/1min/1min_350.csv,837.0299683078653,0.0024275627100049145,-1.5472535213591072
351,data/1min/1min_351.csv,824.0993760351737,0.003060176941243334,1.787131004317223
352,data/1min/1min_352.csv,919.4217086413627,0.001331655231716601,0.2255324847446218
353,data/1min/1min_353.csv,983.6580953673302,0.000251730123630086,-0.08124215758060699
354,data/1min/1min_354.csv,999.0482774217569,5.938907010129185e-05,0.2757718740283621
355,data/1min/1min_355.csv,910.7101380120291,0.0013714980545510979,-0.22545954461581913
356,data/1min/1min_356.csv,894.364980981357,0.0014793914031431665,-1.1627832001612093
357,data/1min/1min_357.csv,998.0537561030061,6.1280753005033294e-06,-0.15474042441359187
358,data/1min/1min_358.csv,930.8146457479105,0.0011350076539226933,0.3808690483159808
359,data/1min/1min_359.csv,687.3746881968725,0.004991092998940452,0.5110164055921131
360,data/1min/1min_360.csv,651.7669494011654,0.005576694804807545,0.4353478435122497
361,data/1min/1min_361.csv,1006.275111137664,9.272687806343561e-07,0.6332212349175507
362,data/1min/1min_362.csv,594.3875785930134,0.007050016422568319,0.8868619100438765
363,data/1min/1min_363.csv,799.4865234173749,0.0033162210668275407,-0.9983311409115573
364,data/1min/1min_364.csv,825.6415975438267,0.0025905688101645254,-2.540328644052329
365,data/1min/1min_365.csv,1476.6427091789062,0.00013203354042493626,48.46103391926192
366,data/1min/1min_366.csv,984.6654738998901,0.00021708841346232082,-0.15258577523918573
367,data/1min/1min_367.csv,926.364953486171,0.0011464748094165717,-0.22079461749624443
368,data/1min/1min_368.csv,851.45907070991,0.002425551791448272,0.5783590664910548
369,data/1min/1min_369.csv,981.4438557211748,0.00036024962894062835,0.431664503705872
370,data/1min/1min_370.csv,581.7487500367463,0.006649497145490151,0.14816336029483637
371,data/1min/1min_371.csv,479.70518121251985,0.008158246504309337,0.1119110919190348
372,data/1min/1min_372.csv,522.6358510272904,0.007363731189072209,-0.12068809593279184
373,data/1min/1min_373.csv,986.711280736779,2.981733125472404e-05,-1.137241901814241
374,data/1min/1min_374.csv,241.97098618242333,0.01145388608589015,0.5412582408302455
375,data/1min/1min_375.csv,23.793382572932888,0.014744021027422777,0.7131120975867589
376,data/1min/1min_376.csv,340.1078394050805,0.009924573956613413,0.24143578257198897
377,data/1min/1min_377.csv,947.5693139831119,0.000898305556148622,0.6918565466739096
378,data/1min/1min_378.csv,947.6205613998661,0.0008363624177316829,0.18185187937145883
379,data/1min/1min_379.csv,908.984509668653,0.0015543347680376152,1.0011606586793846
380,data/1min/1min_380.csv,349.66230006607054,0.010306147225541568,0.7792249594704004
381,data/1min/1min_381.csv,197.87677327170232,0.012600561674012951,1.201796387219008
382,data/1min/1min_382.csv,435.23927924677173,0.009093585473954533,1.344127122995974
383,data/1min/1min_383.csv,1016.8653773827748,4.661280279319707e-06,1.7150314454329192
384,data/1min/1min_384.csv,150.455348656334,0.01370896319073174,1.0363773758173125
385,data/1min/1min_385.csv,1011.393326951962,1.198166754252707e-11,1.1393327714930592
386,data/1min/1min_386.csv,969.9892582997489,0.0002909527126632255,-1.184889147038723
387,data/1min/1min_387.csv,691.9153154456494,0.004708936681251481,0.3498592239038089
388,data/1min/1min_388.csv,649.6495990046569,0.0055544673447699075,0.6051996181818027
389,data/1min/1min_389.csv,552.8760382491306,0.006430808686712626,-4.08061764983056
390,data/1min/1min_390.csv,877.2866348274189,0.001700500940424325,-0.8057939514941267
391,data/1min/1min_391.csv,769.6880880318753,0.0033279930290303064,-0.3510851036223812
392,data/1min/1min_392.csv,871.4931117840251,0.0020060733775938587,1.252408237562861
393,data/1min/1min_393.csv,979.6358399158354,0.0003840618169321932,0.6869471323588755
394,data/1min/1min_394.csv,898.8818301055074,0.001525508987264564,0.35805629194489935
395,data/1min/1min_395.csv,725.3865968084509,0.003906777193763668,-0.37858411768672795
396,data/1min/1min_396.csv,810.3853422045893,0.0027394785385099207,0.5123913593105499
397,data/1min/1min_397.csv,585.8671818322512,0.005860328895659651,0.8854000863173497
398,data/1min/1min_398.csv,738.8815694020517,0.0037862337807392224,0.14795994990012104
399,data/1min/1min_399.csv,279.9926439968226,0.010449910722989031,0.6209189690945323
400,data/1min/1min_400.csv,367.7332136140582,0.00938354722102339,0.469309075073636
401,data/1min/1min_401.csv,982.2361522817491,0.0002534977163582546,-0.057556180943754504
402,data/1min/1min_402.csv,654.0179928102011,0.0050550254823905775,-0.23514849478522137
403,data/1min/1min_403.csv,837.7944139454487,0.0024800919064049036,0.23596723489929444
404,data/1min/1min_404.csv,749.1924982242508,0.0038440690232420015,1.110429705382137
405,data/1min/1min_405.csv,754.8843521240525,0.003854102280346037,0.764601492484644
406,data/1min/1min_406.csv,355.17089841158406,0.009308185422225994,-2.287476804611947
407,data/1min/1min_407.csv,120.41265935005984,0.012803871991392969,1.6549258091657977
408,data/1min/1min_408.csv,775.553724545722,0.0033424849799318606,1.3038953612370734
409,data/1min/1min_409.csv,880.481530308905,0.0017528841786208275,0.3739087096985713
410,data/1min/1min_410.csv,1004.9602613216372,1.869501092733582e-06,0.5091788201515328
411,data/1min/1min_411.csv,847.9396210937658,0.0020623795449091005,-0.8222811115866306
412,data/1min/1min_412.csv,777.7885923402141,0.003367950209141542,1.5176878856451141
413,data/1min/1min_413.csv,1016.2399402992644,4.288230413248557e-08,1.6242981490832338
414,data/1min/1min_414.csv,663.7011442016798,0.004740243683358351,-1.0558790365301094
415,data/1min/1min_415.csv,779.4228196987648,0.003217550682984495,0.6618899750324431
416,data/1min/1min_416.csv,975.0755833908571,0.0003993090838622608,0.33221090196476555
417,data/1min/1min_417.csv,923.9448451751322,0.0011928369548255561,0.7248999589284494
418,data/1min/1min_418.csv,874.4173685269888,0.00203502394766634,1.148335398613358
419,data/1min/1min_419.csv,719.8645602146324,0.004381977321991998,0.13430644814493461
420,data/1min/1min_420.csv,818.8347705008335,0.002871748374210514,0.4622531570382762
421,data/1min/1min_421.csv,241.41995336224377,0.011848153564414987,-0.897106692434886
422,data/1min/1min_422.csv,1000.747226319637,8.799592344853414e-07,0.08055416580859856
423,data/1min/1min_423.csv,908.0421642321285,0.001502640456364735,0.9269041215595165
424,data/1min/1min_424.csv,970.9639540891557,0.0005582124939419756,0.7574320504340107
425,data/1min/1min_425.csv,904.6760166309816,0.0014266979816524544,-0.5576833484179928
426,data/1min/1min_426.csv,149.3872225987381,0.013305396426153441,0.3560409666723672
427,data/1min/1min_427.csv,934.1441394809791,0.0011007195497694609,0.8170831361624664
428,data/1min/1min_428.csv,338.72565631743214,0.009859047380347007,0.39698078300365297
429,data/1min/1min_429.csv,772.9324975385153,0.003183073873356973,-1.8506136131389097
430,data/1min/1min_430.csv,951.002655424143,0.000875012499043702,1.0717445915130839
431,data/1min/1min_431.csv,901.2853608315579,0.001452592549246605,0.1759734870396301
432,data/1min/1min_432.csv,995.9341177930647,0.0006662900184202081,4.1163883113483735
433,data/1min/1min_433.csv,370.2993699578775,0.008705958268141342,0.29395924080384933
434,data/1min/1min_434.csv,1001.0274020608648,7.868159460590065e-05,0.6792205793652669
435,data/1min/1min_435.csv,892.0362430585157,0.0014878131389634503,-0.043280622947042956
436,data/1min/1min_436.csv,852.5715842302649,0.0020011162454329203,-0.2785732433598241
437,data/1min/1min_437.csv,933.2476431047164,0.0011411429072668382,1.6083777314669874
438,data/1min/1min_438.csv,923.5452838555811,0.001053160292169892,-0.41915961170356014
439,data/1min/1min_439.csv,830.3392815162154,0.0025459404158716887,0.760674782232138
440,data/1min/1min_440.csv,952.2162269352957,0.0007785681994374694,0.5443041889838242
441,data/1min/1min_441.csv,788.1419406837081,0.003313479438943867,1.4808785403260685
442,data/1min/1min_442.csv,892.9178652579161,0.0016382938394985105,0.3838549661162801
443,data/1min/1min_443.csv,966.1979844273698,0.0007597499196062308,1.7232665777079093
444,data/1min/1min_444.csv,669.471009876044,0.005002155068452906,0.19442486558348263
445,data/1min/1min_445.csv,1000.9482464482982,3.8804841574724845e-15,0.094824644855521
446,data/1min/1min_446.csv,998.2126961613213,1.6517520911935115e-08,-0.17861865192353435
447,data/1min/1min_447.csv,938.1379434841552,0.0012603675869932354,2.3068443517487935
448,data/1min/1min_448.csv,521.6992684503506,0.007763109122577498,1.6562541023614585
449,data/1min/1min_449.csv,207.19229385422818,0.012940396015855627,0.7827535751231721
450,data/1min/1min_450.csv,1004.625723055388,8.368875213283428e-07,0.46776498338675765
451,data/1min/1min_451.csv,964.1867271482665,0.0007084286759435115,0.8303414513972712
452,data/1min/1min_452.csv,793.6065621407515,0.00329316473749799,-0.1873088419304622
453,data/1min/1min_453.csv,383.99334890568076,0.009976912093064559,1.123183528455661
454,data/1min/1min_454.csv,949.5353518446951,0.0009928531106776384,1.1544985725177754
455,data/1min/1min_455.csv,1091.0885666208683,0.0015293697467642763,17.85784570391388
456,data/1min/1min_456.csv,438.3037178308541,0.01026132609936249,2.5256701377438273
457,data/1min/1min_457.csv,904.484693408173,0.0018406588802908654,0.5151247900720591
458,data/1min/1min_458.csv,950.3938895088271,0.0009742914818122413,0.06424855375524885
459,data/1min/1min_459.csv,730.7260045908419,0.005189463085522852,-0.11136799278502849
460,data/1min/1min_460.csv,1027.4928468573225,6.0048291202054794e-06,2.7802807129263782
461,data/1min/1min_461.csv,864.739721585557,0.002707445460636718,0.23063791632390576
462,data/1min/1min_462.csv,985.410702959554,0.00028298555409009686,-0.011614236928505762
463,data/1min/1min_463.csv,1001.2792697732938,2.1264261597291035e-05,0.23785470408273565
464,data/1min/1min_464.csv,580.8475124480389,0.008154222817806766,0.19193474253535214
465,data/1min/1min_465.csv,934.578365140553,0.0011436667081536698,-0.6358111383558821
466,data/1min/1min_466.csv,835.9998025130297,0.003325712468970876,0.7947451439996485
467,data/1min/1min_467.csv,754.3201024800503,0.004769030452691003,0.23502227788303573
468,data/1min/1min_468.csv,1002.8546148454571,2.631272895076063e-11,0.28546162252703194
469,data/1min/1min_469.csv,722.1511058113772,0.00530238874661349,-0.3680930461852427
470,data/1min/1min_470.csv,893.0964063222845,0.0019260992305271858,-0.7517836432127978
471,data/1min/1min_471.csv,985.7133788818335,0.000327606216125839,0.27621701721302544
472,data/1min/1min_472.csv,995.816207924238,0.00022110892486550512,0.741525045929518
473,data/1min/1min_473.csv,735.4839194093231,0.0050662500340737295,-0.08101669420882446
474,data/1min/1min_474.csv,1004.6879459117235,2.83486532091407e-07,0.47027534054975606
475,data/1min/1min_475.csv,1005.7548288602683,5.174789743842192e-13,0.5754828886921018
476,data/1min/1min_476.csv,396.69546432603113,0.012401044484034831,0.183543253572077
477,data/1min/1min_477.csv,896.6466962262396,0.0021680685195634513,0.511950039703811
478,data/1min/1min_478.csv,902.6493729157755,0.002075751095372578,0.31427106960481976
479,data/1min/1min_479.csv,1006.5897604050454,1.6883601674025465e-08,0.6590575123244093
480,data/1min/1min_480.csv,230.79449794829816,0.01612689964008847,0.4321239185141507
481,data/1min/1min_481.csv,819.2280925820249,0.0038717608752566793,0.2809570362757995
482,data/1min/1min_482.csv,474.12855452616384,0.011308948473646774,1.0331037455651995
483,data/1min/1min_483.csv,905.077609675067,0.0022148706062259287,0.5894089929258826
484,data/1min/1min_484.csv,482.2644340671603,0.01179033641314959,0.9428060603698213
485,data/1min/1min_485.csv,36.7839215359047,0.022391577960013797,0.11444011177788979
486,data/1min/1min_486.csv,905.0678539763419,0.0023524596393796294,0.6725868602673473
487,data/1min/1min_487.csv,897.2578494513729,0.0022123277141944554,-0.8376418063519736
488,data/1min/1min_488.csv,925.1837190742635,0.0016777030199061922,-0.26305919397426575
489,data/1min/1min_489.csv,200.20996559514552,0.018659685271132966,0.0738453254656406
490,data/1min/1min_490.csv,64.52120227754227,0.02178769054818803,0.22960850073775418
491,data/1min/1min_491.csv,689.4489027870126,0.007254765142417514,0.1860854114937979
492,data/1min/1min_492.csv,707.4359286876553,0.006846206639301008,0.01318011376913546
493,data/1min/1min_493.csv,720.9058875117696,0.006588207437706168,0.4623746712866932
494,data/1min/1min_494.csv,720.7331818779141,0.00657992206959864,-0.25613553292541835
495,data/1min/1min_495.csv,984.6409491574532,0.00014552957647326085,-0.9153160348209326
496,data/1min/1min_496.csv,735.3202071750267,0.00623073147828042,0.5983182591528133
497,data/1min/1min_497.csv,801.5194957766205,0.0047303470538140185,0.8048813319667489
498,data/1min/1min_498.csv,676.5527425484408,0.007667347345822346,0.09007036450906299
499,data/1min/1min_499.csv,448.64015379065535,0.013123030270590079,0.27076148452390497
500,data/1min/1min_500.csv,982.1518510881072,0.0005353380480376873,0.4636584443738002
501,data/1min/1min_501.csv,628.3347221745496,0.009022330666594929,0.34110526462339974
502,data/1min/1min_502.csv,810.6627068016589,0.004593196295260082,0.048113689957710905
503,data/1min/1min_503.csv,914.8486435512796,0.002156569162543232,0.09744679111873894
504,data/1min/1min_504.csv,900.6053761560687,0.0025067310352923002,0.07467742849607929
505,data/1min/1min_505.csv,522.8804920618227,0.011973703150656037,0.26667773086101076
506,data/1min/1min_506.csv,806.2576083663511,0.004987168125532661,0.18343935772398937
507,data/1min/1min_507.csv,994.6222244918926,1.4822371918311563e-09,-0.5377716044456862
508,data/1min/1min_508.csv,844.2149683639685,0.0036891060606700434,-0.5271348913724069
509,data/1min/1min_509.csv,760.5615802564996,0.005802847571201952,0.23575342771281382
510,data/1min/1min_510.csv,632.8033572566482,0.008976398160175956,0.6728687216017875
511,data/1min/1min_511.csv,812.8532031041274,0.004637790234146783,0.5319178926101813
512,data/1min/1min_512.csv,663.4319512316458,0.008103528868232651,-0.9181430727320958
513,data/1min/1min_513.csv,661.6491352311818,0.007943598339587778,-1.062977167078475
514,data/1min/1min_514.csv,990.6942904046424,0.0003008424642693384,0.35891505293868703
515,data/1min/1min_515.csv,812.3444703847496,0.004476931592039249,0.39772887161935844
516,data/1min/1min_516.csv,430.0328098490366,0.013348332852512357,0.987104062932076
517,data/1min/1min_517.csv,896.3060859083586,0.002413218637887119,-0.023923108542066984
518,data/1min/1min_518.csv,932.1194546200959,0.0017131568381140343,0.5223283216098026
519,data/1min/1min_519.csv,884.5062662675734,0.002847788517637355,0.6092597028100272
520,data/1min/1min_520.csv,912.8308563678321,0.002184506696625024,0.6166089487832892
521,data/1min/1min_521.csv,728.201756536007,0.006136770566642613,-0.936538695208833
522,data/1min/1min_522.csv,521.903103504155,0.01061302298080514,-1.3241183425089502
523,data/1min/1min_523.csv,992.4929751325218,2.003407767163716e-05,-0.6581550649436962
524,data/1min/1min_524.csv,935.0764460184065,0.0014891148036197907,0.3988211785519525
525,data/1min/1min_525.csv,895.816019264364,0.002376727897363844,0.3619643232993212
526,data/1min/1min_526.csv,600.1991150968684,0.008960750837693873,1.3688482126833263
527,data/1min/1min_527.csv,902.167216719026,0.002282174880675325,0.9034619856409449
528,data/1min/1min_528.csv,951.4060745321808,0.0011420264911853454,0.28155390593802854
529,data/1min/1min_529.csv,505.01868755616954,0.0112100076493868,0.09830559879897009
530,data/1min/1min_530.csv,993.1675180470534,0.0002858000573969172,0.5768013877597354
531,data/1min/1min_531.csv,833.4577808185065,0.003908242258553794,0.4390618359744508
532,data/1min/1min_532.csv,998.1025383984712,0.00019813458313369927,0.6755769114960799
533,data/1min/1min_533.csv,1012.4961737533631,1.1873103763456645e-05,1.3015515185080517
534,data/1min/1min_534.csv,314.1052248231132,0.016179613013337594,1.1632611247616864
535,data/1min/1min_535.csv,853.7616587620411,0.0022773504547178684,-4.865956762943506
536,data/1min/1min_536.csv,929.2440147683344,0.001609227975665338,0.19722685145414973
537,data/1min/1min_537.csv,1008.1103214053048,1.3879425393793858e-05,0.874728293518956
538,data/1min/1min_538.csv,889.7554526256764,0.0026045932723851133,0.11200471730467142
539,data/1min/1min_539.csv,217.45836825558516,0.01853376085740327,0.6709307487674664
540,data/1min/1min_540.csv,901.5595438422936,0.0024240272923506203,0.40631739402781475
541,data/1min/1min_541.csv,972.5441028941709,0.000609189641356447,-0.18562254019277588
542,data/1min/1min_542.csv,857.566141441056,0.0032701915810149063,-0.49517343014963444
543,data/1min/1min_543.csv,357.8458654356074,0.015190273377976597,0.8209824976986397
544,data/1min/1min_544.csv,940.521335108688,0.0013733297139827258,-0.019064780896371758
545,data/1min/1min_545.csv,1008.7384251622905,8.291335303463446e-07,0.8774230464664924
546,data/1min/1min_546.csv,824.9895222464697,0.004102391052823566,-0.07839809356398746
547,data/1min/1min_547.csv,714.5534656538707,0.007022559785062272,1.4465926394525241
548,data/1min/1min_548.csv,700.7086776985925,0.006985492085034007,0.4996712922673851
549,data/1min/1min_549.csv,400.0371552733925,0.01405852386077128,0.5833006957887733
550,data/1min/1min_550.csv,793.6015511716768,0.00468170071512005,-0.20188041097574114
551,data/1min/1min_551.csv,999.7737077901027,3.282765400757052e-05,0.12118380706932612
552,data/1min/1min_552.csv,481.1872589434954,0.011825356279057569,-0.107499244680605
553,data/1min/1min_553.csv,911.5750210748652,0.0020757087828623577,0.3370128433778632
554,data/1min/1min_554.csv,451.76706443350105,0.012500981006553403,0.42229180561155316
555,data/1min/1min_555.csv,894.9459796490484,0.002532674869573063,0.5654263547826077
556,data/1min/1min_556.csv,803.8145990123824,0.004501630751864499,-0.5066416601834363
557,data/1min/1min_557.csv,912.7669481966759,0.0022209843546840803,0.8684599522417329
558,data/1min/1min_558.csv,908.7396284853344,0.0022659120407215955,0.2801036163748904
559,data/1min/1min_559.csv,99.81273145648503,0.02171981959634161,-0.12690949097247994
560,data/1min/1min_560.csv,992.5275432577312,0.00014934992630567497,-0.12106623820508275
561,data/1min/1min_561.csv,861.1364720512514,0.0033550679117376157,0.38795138900841264
562,data/1min/1min_562.csv,306.929351241706,0.01652477754293954,0.4010567113067509
563,data/1min/1min_563.csv,643.2440337363471,0.008369074674000521,0.003442523833723499
564,data/1min/1min_564.csv,910.3000046457573,0.0019485173326721545,-0.6954258304986979
565,data/1min/1min_565.csv,440.7485985999057,0.01329463035888993,1.0297210489929738
566,data/1min/1min_566.csv,991.6733376141798,0.00018728107316673008,-0.06627463096913289
567,data/1min/1min_567.csv,1002.3360324892959,1.438430601871322e-06,0.23961998837262402
568,data/1min/1min_568.csv,605.9741761537027,0.00948412623674373,-0.9776449364625023
569,data/1min/1min_569.csv,790.8771806017548,0.004820313719466219,-0.6713026004139123
570,data/1min/1min_570.csv,855.0634207614771,0.0032300869427215897,-0.3830231145730295
571,data/1min/1min_571.csv,853.9495645156235,0.00329031667289371,-0.12304374436328089
572,data/1min/1min_572.csv,516.6664223793603,0.011540763285121772,2.7420212707351994
573,data/1min/1min_573.csv,935.0818961628091,0.0015404313524363257,0.17047819400039543
574,data/1min/1min_574.csv,921.680698977062,0.0016449823137646745,-0.6195051475925879
575,data/1min/1min_575.csv,185.8717028827493,0.019856850821802084,5.8302300589445615
576,data/1min/1min_576.csv,761.4698323411394,0.005991160851027496,2.283122888678838
577,data/1min/1min_577.csv,941.7745198666915,0.001320171114175133,-0.28211988991635056
578,data/1min/1min_578.csv,707.3871807642957,0.007411011737122554,1.7489850386583385
579,data/1min/1min_579.csv,821.2084981023866,0.0048493931577841334,1.917769967918707
580,data/1min/1min_580.csv,947.6627685932183,0.0013816203747541442,0.22830576785612494
581,data/1min/1min_581.csv,1003.7231438136139,0.00023751784355455688,1.2964250552790986
582,data/1min/1min_582.csv,741.0889259496578,0.006768898491984197,0.3559733874836979
583,data/1min/1min_583.csv,857.8101078893206,0.003767876435784567,0.3397085491600592
584,data/1min/1min_584.csv,902.9331668641737,0.002663039159517163,0.3380340922001551
585,data/1min/1min_585.csv,821.5093215426748,0.004653160447955219,-0.23639023417722457
586,data/1min/1min_586.csv,644.3237384760043,0.009452508014414074,0.4653343985468837
587,data/1min/1min_587.csv,866.5899593621099,0.0034731753890043003,-0.3462920045988767
588,data/1min/1min_588.csv,357.9480728227105,0.017467732747755097,0.4489998881743759
589,data/1min/1min_589.csv,783.8693422387109,0.005900781232135437,0.43520329774514716
590,data/1min/1min_590.csv,982.3498734177183,0.00042449525964084246,-0.1676157714366923
591,data/1min/1min_591.csv,856.0336766124005,0.0038345633662713614,0.12025765327017553
592,data/1min/1min_592.csv,478.1543746189061,0.013782590993682259,0.00046174126974847236
593,data/1min/1min_593.csv,717.7452092455941,0.0075617113412345845,0.261756060392463
594,data/1min/1min_594.csv,1002.4072602200912,1.5014902748002755e-06,0.24632477894579097
595,data/1min/1min_595.csv,953.6903138399673,0.0013406206209930175,0.3942807507580028
596,data/1min/1min_596.csv,999.1713526381368,4.153941351770255e-09,-0.08284955145370532
597,data/1min/1min_597.csv,844.7397903328883,0.004035043107354618,-0.6157296764143894
598,data/1min/1min_598.csv,804.5210728573461,0.005375062738271151,0.6239114830554968
599,data/1min/1min_599.csv,899.3883176500755,0.0026952607926762576,-0.032102825444098926
600,data/1min/1min_600.csv,539.6685178374136,0.012614589848368997,-0.045399465044624776
601,data/1min/1min_601.csv,729.1062258231382,0.007486727012451603,0.2940753030567976
602,data/1min/1min_602.csv,589.3474807795187,0.011496613107864722,0.8082871700721626
603,data/1min/1min_603.csv,179.17689163103154,0.022682936172248775,0.4779060960456263
604,data/1min/1min_604.csv,557.906182791494,0.012185834812543875,-0.6224784716030398
605,data/1min/1min_605.csv,999.2597936669241,0.000280353105474723,0.9784669776103441
606,data/1min/1min_606.csv,587.4520913815956,0.011449054047272577,-0.22882304154625216
607,data/1min/1min_607.csv,849.2344531814804,0.004054474348041114,-0.36002914076713066
608,data/1min/1min_608.csv,226.2876892765433,0.02118764282239735,-0.2588050202305112
609,data/1min/1min_609.csv,494.66785619933387,0.013608790007638202,-0.20790893182054335
610,data/1min/1min_610.csv,1000.7118805135926,1.007292952023279e-06,0.07494021760554688
611,data/1min/1min_611.csv,618.1730109288505,0.010420188884706957,0.3449074752005572
612,data/1min/1min_612.csv,638.2057161702724,0.009956115357969577,0.7283890547883629
613,data/1min/1min_613.csv,841.8045718293374,0.004361265377443031,0.39128059088948247
614,data/1min/1min_614.csv,989.174526947255,1.0185100757820002e-06,-1.0788245490965096
615,data/1min/1min_615.csv,906.7358159007905,0.0027686856515260765,0.7877287093863856
616,data/1min/1min_616.csv,517.6556801051133,0.01364114062086615,0.02178501385637901
617,data/1min/1min_617.csv,902.3243344781054,0.002840686509410694,0.28817962247345574
618,data/1min/1min_618.csv,379.96537255584553,0.017940180673011206,0.7297610329701342
619,data/1min/1min_619.csv,988.9225886640786,2.108185795671561e-11,-1.10774105956109
620,data/1min/1min_620.csv,950.8307142733062,0.0014414765456313282,0.12593297456725167
621,data/1min/1min_621.csv,314.47258074382427,0.019662535530462138,0.3988545458305225
622,data/1min/1min_622.csv,925.3641932519309,0.002076592956290677,-0.22914613368144499
623,data/1min/1min_623.csv,921.5938123399991,0.002074913241908159,-0.6314364526522923
624,data/1min/1min_624.csv,813.1397061036912,0.005317932664744068,-0.12112645700933626
625,data/1min/1min_625.csv,545.8733316210247,0.012853208260300128,-0.040199018625060035
626,data/1min/1min_626.csv,1001.1569892811603,1.6969486299259306e-11,0.1156989873166367
627,data/1min/1min_627.csv,1008.7827595774672,1.8426458244013882e-07,0.8789148951863354
628,data/1min/1min_628.csv,299.35523532867296,0.020369173072542594,-0.10655154948516384
629,data/1min/1min_629.csv,948.9183294501229,0.001457118536648251,-0.06959686711172708
630,data/1min/1min_630.csv,899.5641761142995,0.0030345936415975957,0.4976855442475199
631,data/1min/1min_631.csv,573.0935818128673,0.012542435266459531,-0.018141433401319774
632,data/1min/1min_632.csv,729.3242259270669,0.007954716179795847,0.07033457588920555
633,data/1min/1min_633.csv,846.7787936747181,0.0044887951778196196,-0.0564015520403359
634,data/1min/1min_634.csv,204.08921225271317,0.02334488163687237,0.4410116968790134
635,data/1min/1min_635.csv,905.2458155554195,0.0029074099462042423,0.5957042386961348
636,data/1min/1min_636.csv,939.3910335647513,0.0017935761890992775,0.12290566244216736
637,data/1min/1min_637.csv,587.1772115524495,0.012137162403882308,-0.3806484017918592
638,data/1min/1min_638.csv,975.4723767962531,0.0010658329842276912,1.2227094340852886
639,data/1min/1min_639.csv,1003.689831751756,0.00014113436070580204,0.8027243492147023
640,data/1min/1min_640.csv,428.7040445365392,0.018978454668056432,-0.34890594772144823
641,data/1min/1min_641.csv,793.934913451619,0.006940049825257118,0.12342017320490868
642,data/1min/1min_642.csv,857.5240917995181,0.004880935523778759,0.3027220231124829
643,data/1min/1min_643.csv,905.4974371266262,0.003406156659309497,0.5868358484828832
644,data/1min/1min_644.csv,413.1837574351042,0.020609199239647186,0.4430769821722492
645,data/1min/1min_645.csv,865.0471255410382,0.004853732163342878,0.271595775601395
646,data/1min/1min_646.csv,856.4423500269203,0.005151929671108694,0.21028576181763584
647,data/1min/1min_647.csv,992.3492498521836,0.00041350136280547244,0.4097443821531215
648,data/1min/1min_648.csv,914.3021972291781,0.002894462799960067,-0.41665746215467153
649,data/1min/1min_649.csv,809.0969207879061,0.006704260982456873,0.5377569571296021
650,data/1min/1min_650.csv,1000.3530129926376,1.4338151379980504e-12,0.03530130316530631
651,data/1min/1min_651.csv,458.74694019165514,0.020136412762206696,-0.007689861765879868
652,data/1min/1min_652.csv,104.56111585778575,0.033352924807099095,0.08209112741526496
653,data/1min/1min_653.csv,896.4326233231618,0.0039280051432164995,0.14360568116252354
654,data/1min/1min_654.csv,789.3875446677838,0.007921258429587559,0.15782548503605084
655,data/1min/1min_655.csv,430.68608557883624,0.04891979498647886,74.20301099863886
656,data/1min/1min_656.csv,768.9133151770841,0.008106608155264698,-1.4778059415987967
657,data/1min/1min_657.csv,899.5216630579082,0.00374592942390815,0.21582563082795334
658,data/1min/1min_658.csv,847.532253648737,0.005625211139134435,0.326341143010427
659,data/1min/1min_659.csv,774.3725926037955,0.007977839844456918,-0.6388390630683943
660,data/1min/1min_660.csv,580.1983174108201,0.015392527075762875,0.9734481723520958
661,data/1min/1min_661.csv,612.2666203602117,0.014527134379620612,1.7922320776737708
662,data/1min/1min_662.csv,759.524288220447,0.008623017224420758,0.06583418841490811
663,data/1min/1min_663.csv,979.0334772224788,0.000728829221242556,-0.05764320694288472
664,data/1min/1min_664.csv,929.1996452514189,0.002642375087494201,0.20182179125840774
665,data/1min/1min_665.csv,1002.9979615046723,7.757241042223175e-10,0.2997983014338047
666,data/1min/1min_666.csv,902.9187716715712,0.003647109929080752,0.3471415971292117
667,data/1min/1min_667.csv,860.1319192813006,0.005167898123457921,0.12336256951339236
668,data/1min/1min_668.csv,406.7460553833181,0.021298842149399907,-0.49799244502564766
669,data/1min/1min_669.csv,941.5002298143579,0.0020842955503867257,0.002099598256597801
670,data/1min/1min_670.csv,738.6305357231719,0.021519393257925335,5.652577262587397
671,data/1min/1min_671.csv,1063.8892510435019,0.002036997340185439,9.116973792193539
672,data/1min/1min_672.csv,977.524099724521,0.0009293798622491706,0.25941215086922964
673,data/1min/1min_673.csv,532.2090676819275,0.017455731209773145,0.175950935922026
674,data/1min/1min_674.csv,1155.7570371989395,5.011136036300141e-07,15.57705472216935
675,data/1min/1min_675.csv,902.5079397122571,0.003790534145021259,0.28623312016949287
676,data/1min/1min_676.csv,586.9938925186286,0.015321231838072531,-1.064757756582958
677,data/1min/1min_677.csv,441.44601210734174,0.021366395840196624,0.17904262144182895
678,data/1min/1min_678.csv,166.71400891380597,0.03173790091732701,0.14525409404237735
679,data/1min/1min_679.csv,1001.4490803451183,0.000261352282043304,0.8318463726344476
680,data/1min/1min_680.csv,990.5254989648196,1.0126152919368019e-06,-0.9447898618845898
681,data/1min/1min_681.csv,1000.2999587770787,1.1566023709920462e-07,0.03030303081652619
682,data/1min/1min_682.csv,165.61555924675818,0.03147550492726635,0.16364456198796234
683,data/1min/1min_683.csv,1057.8744444797906,0.00040056392740652727,6.851883000472799
684,data/1min/1min_684.csv,534.6713570748559,0.01769800143140156,0.6597414243894264
685,data/1min/1min_685.csv,29.36396479919387,0.03625118692145493,-0.44694013701893026
686,data/1min/1min_686.csv,1000.6490519755262,2.6891184376075056e-08,0.0649780027451925
687,data/1min/1min_687.csv,758.2641497208509,0.009023947630816473,0.2781546699269484
688,data/1min/1min_688.csv,836.0480207500918,0.006267586413076971,0.6097041516489753
689,data/1min/1min_689.csv,839.6405193987987,0.005653522851549149,-0.9416073987690537
690,data/1min/1min_690.csv,1003.126502262851,8.04183312914852e-09,0.31267159906500414
691,data/1min/1min_691.csv,674.7387256539762,0.012298655438723962,0.1181936964026363
692,data/1min/1min_692.csv,1000.537768614118,9.638364695910949e-06,0.07933539499418885
693,data/1min/1min_693.csv,876.9397741570751,0.004572450237882971,-0.12135719038194566
694,data/1min/1min_694.csv,1001.7360186201266,6.667542177599776e-07,0.17537352798237862
695,data/1min/1min_695.csv,880.76425019771,0.004611309049292874,0.3856228305009381
696,data/1min/1min_696.csv,1017.4477956160291,2.5387803403628046e-08,1.7448462185501397
697,data/1min/1min_697.csv,319.7813436420002,0.026162598062468973,-0.2424228353616172
698,data/1min/1min_698.csv,484.8044820161537,0.019707001201663816,0.007358893545665524
699,data/1min/1min_699.csv,988.1213071213335,0.000139050521287054,-0.8391583905829747
700,data/1min/1min_700.csv,617.4578649890711,0.015066911887744859,0.5016506021588271
701,data/1min/1min_701.csv,41.11460279857508,0.037155828953009465,0.016228181917892926
702,data/1min/1min_702.csv,95.42510588227574,0.035033520476407516,0.16722135659853166
703,data/1min/1min_703.csv,982.8631072313874,0.00045927041249833254,-0.526038953661191
704,data/1min/1min_704.csv,663.6238182253875,0.01279170594419732,-0.14637367436382648
705,data/1min/1min_705.csv,1002.9796624401612,4.145265459106905e-07,0.2990348934514714
706,data/1min/1min_706.csv,347.6022195408221,0.025233907218975074,-0.24858830808652785
707,data/1min/1min_707.csv,900.593472369491,0.0038913844021664164,0.08141319550859408
708,data/1min/1min_708.csv,715.6886626362904,0.01102035853183563,-0.10385314821406835
709,data/1min/1min_709.csv,702.0129275424541,0.011589576339305236,0.016636844742060928
710,data/1min/1min_710.csv,194.16114885642418,0.031089561234600153,0.22410244661514298
711,data/1min/1min_711.csv,348.6553690837789,0.025141933463265858,0.05982747529942571
712,data/1min/1min_712.csv,999.8977251279155,4.401898266826761e-07,-0.009091071142393048
713,data/1min/1min_713.csv,777.1859105413826,0.008318464015989834,-0.8547093334751253
714,data/1min/1min_714.csv,879.1950144991674,0.0044771674801412165,-0.4306849083818065
715,data/1min/1min_715.csv,775.7868052931465,0.007589133334816878,-2.4118105201071787
716,data/1min/1min_716.csv,451.5109100640395,0.02007789523013474,-0.22699502001448765
717,data/1min/1min_717.csv,552.6543916373566,0.01618655702356191,-0.3761106410441016
718,data/1min/1min_718.csv,1003.0584236760819,8.90982145339504e-06,0.33032789343534436
719,data/1min/1min_719.csv,1063.7025397392163,8.458465697559203e-08,6.370474350786913
720,data/1min/1min_720.csv,605.3378743283499,0.01628421880673404,2.8027341894745406
721,data/1min/1min_721.csv,1000.3772041019471,1.630585602413139e-10,0.03772083513347297
722,data/1min/1min_722.csv,134.61578160433837,0.0255803706948627,-19.97829729153342
723,data/1min/1min_723.csv,146.37725199084838,0.032797952965459905,0.13214919414917858
724,data/1min/1min_724.csv,1158.4410116837792,0.004613705410507345,27.879413102227385
725,data/1min/1min_725.csv,951.0295406477595,0.0017044032341514185,-0.4653418659452427
726,data/1min/1min_726.csv,932.6644377343052,0.004944056686821137,6.304168459412199
727,data/1min/1min_727.csv,913.0681228450054,0.003493975484652359,0.3990099894371383
728,data/1min/1min_728.csv,884.4810059006637,0.004391670590093768,-0.1381671298094261
729,data/1min/1min_729.csv,660.76907518207,0.01295408398752653,-0.09803607776310629
730,data/1min/1min_730.csv,962.726415031596,0.0014986984065673702,0.17015657927870506
731,data/1min/1min_731.csv,238.1684181816291,0.0291934991868173,0.08777779364179424
732,data/1min/1min_732.csv,1009.3607140288151,3.78970631138994e-05,1.034840623622108
733,data/1min/1min_733.csv,310.7907857408016,0.026842897084275806,0.7498179563180202
734,data/1min/1min_734.csv,875.0379002196851,0.010458429000724358,15.07116302497784
735,data/1min/1min_735.csv,103.8185332836206,0.03181400331938292,-0.8268541074061773
736,data/1min/1min_736.csv,989.4286445715165,8.035200573063258e-13,-1.0571355405479494
737,data/1min/1min_737.csv,768.2017010979454,0.007889258066504687,-0.16568072150131458
738,data/1min/1min_738.csv,766.4894763794855,0.008007258811499477,0.11021595564201334
739,data/1min/1min_739.csv,71.25407221150556,0.03134295025643279,-0.6824388945780242
740,data/1min/1min_740.csv,182.05740171788835,0.027788308669956054,0.03258329677491929
741,data/1min/1min_741.csv,790.345265928622,0.007118552304755592,-0.09352212197916288
742,data/1min/1min_742.csv,902.1775663373026,0.0033071018851027235,-0.05638743237113886
743,data/1min/1min_743.csv,992.5077246442553,0.00018165073464636555,-0.2153832740590019
744,data/1min/1min_744.csv,997.5600163932661,2.707559579963532e-09,-0.24399037878774835
745,data/1min/1min_745.csv,999.3049310449392,7.717300813488723e-05,0.15767114719099026
746,data/1min/1min_746.csv,529.4291965780791,0.015818209669448538,-0.3348344415419433
747,data/1min/1min_747.csv,653.1412798319548,0.011462293007539995,-0.4101772363576856
748,data/1min/1min_748.csv,509.87671664928575,0.016752467932829838,1.087602264849488
749,data/1min/1min_749.csv,1022.5779043640846,0.0002959438487513953,3.120244797632222
750,data/1min/1min_750.csv,850.114781435343,0.004992886736272333,-0.48493482060500814
751,data/1min/1min_751.csv,999.7186993322491,8.514516223609687e-05,0.21932306097356785
752,data/1min/1min_752.csv,438.08385339114125,0.019978322392721758,5.417535933789487
753,data/1min/1min_753.csv,695.6150923608258,0.010283102274815055,-0.597956272631609
754,data/1min/1min_754.csv,1001.3567871807013,3.465644552061798e-07,0.1366929216200674
755,data/1min/1min_755.csv,1006.1930762058201,1.6032453864868304e-08,0.6193544658089649
756,data/1min/1min_756.csv,692.5030972135396,0.010724067990368468,0.4911283874958599
757,data/1min/1min_757.csv,616.5283167912526,0.012715623446398027,-0.9384399227440667
758,data/1min/1min_758.csv,997.8605260587398,0.00012037682947856635,0.13765526825644656
759,data/1min/1min_759.csv,846.1331692954327,0.0052281242723424045,-0.3077270441667679
760,data/1min/1min_760.csv,671.5158082491848,0.01103863692487222,-0.4146961624219557
761,data/1min/1min_761.csv,105.53834597290849,0.030474727205680743,0.0657270821766133
762,data/1min/1min_762.csv,105.87416943204933,0.030495663018369888,-0.002348653236390419
763,data/1min/1min_763.csv,756.2347025947397,0.008238966716600874,-0.2573666260127993
764,data/1min/1min_764.csv,251.93746515715998,0.025425443035605334,-0.09740294061307396
765,data/1min/1min_765.csv,998.669947371952,4.911502918837635e-07,-0.1315697287316766
766,data/1min/1min_766.csv,969.9642185242682,0.0018273772804007346,2.377408361158837
767,data/1min/1min_767.csv,784.8598590362153,0.008139800621508594,2.305891452373203
768,data/1min/1min_768.csv,479.4929526167397,0.017928346502854027,0.34578433359000654
769,data/1min/1min_769.csv,1002.0632241744543,4.2062289026755184e-07,0.2075470609904414
770,data/1min/1min_770.csv,646.3614054137128,0.003777114049756193,-24.326187926728686
771,data/1min/1min_771.csv,224.73225109252164,0.012623883824882831,42.15900526458381
772,data/1min/1min_772.csv,137.44064387719695,0.07460783099045704,136.57527320691773
773,data/1min/1min_773.csv,893.5892314435821,0.0035347336255437552,-0.0757580488915096
774,data/1min/1min_774.csv,960.7991404872171,0.0016873036013003665,1.1404750097417717
775,data/1min/1min_775.csv,540.6885960566472,0.01598156151197406,1.8033866077044307
776,data/1min/1min_776.csv,1008.9928082508093,8.355623638184036e-07,0.901861041660402
777,data/1min/1min_777.csv,850.9472851463606,0.005170127933997976,0.5614247355877069
778,data/1min/1min_778.csv,914.8337218429924,0.0034184489044582446,1.6816308009695264
779,data/1min/1min_779.csv,776.1459932495775,0.00790486558752024,1.3323580337534735
780,data/1min/1min_780.csv,896.7680765485444,0.0033977223199536865,-0.02962269072986601
781,data/1min/1min_781.csv,885.7697613251854,0.0038103211080049043,0.11939134894239486
782,data/1min/1min_782.csv,970.4683841833576,0.0009767552380914141,-0.005851488485302525
783,data/1min/1min_783.csv,1005.6272131441227,4.413570977057347e-08,0.5628551780200042
784,data/1min/1min_784.csv,479.09026799326034,0.0178135099520239,1.6425888941085192
785,data/1min/1min_785.csv,1002.520202912844,5.092747148931878e-09,0.25203631612257593
786,data/1min/1min_786.csv,698.9522632947146,0.010556937939932546,2.1551172863173407
787,data/1min/1min_787.csv,894.3028744190734,0.003981615112667448,1.5660512245620908
788,data/1min/1min_788.csv,275.2833543791919,0.024522941763899846,2.5010991456019838
789,data/1min/1min_789.csv,834.2842264724494,0.005745856916108513,0.9805790617274169
790,data/1min/1min_790.csv,1007.5919725003912,1.2910360218176298e-05,0.7983040221760006
791,data/1min/1min_791.csv,855.4600789658207,0.004807796915071558,0.05641976595953793
792,data/1min/1min_792.csv,29.652590964256614,0.03220188657524624,0.49511296687394407
793,data/1min/1min_793.csv,1002.1185448626564,2.7323066111913652e-05,0.2944685089616314
794,data/1min/1min_794.csv,1012.4536085585831,0.0001429320859157993,1.6779233740695985
795,data/1min/1min_795.csv,429.7232309975068,0.01893259729545932,0.07303654285598214
796,data/1min/1min_796.csv,770.6596988532611,0.007447865319293144,0.3628926040750684
797,data/1min/1min_797.csv,856.6472574047416,0.005141852094247677,1.344032424068314
798,data/1min/1min_798.csv,1021.6131640295943,2.1685764084415747e-07,2.1619854629958355
799,data/1min/1min_799.csv,601.0774834405871,0.013465344950469582,1.8530107595045138
800,data/1min/1min_800.csv,1006.9758936999684,0.0005063061414675011,2.2638474186265625
801,data/1min/1min_801.csv,1005.1809442816561,0.0017431091414145928,5.860462480230126
802,data/1min/1min_802.csv,965.9398744441553,0.0021185894029074484,3.032486569321418
803,data/1min/1min_803.csv,974.6031603711532,0.0010778249081978472,0.7406222539700593
804,data/1min/1min_804.csv,866.0591329709196,0.004818594674614313,1.2975675302572653
805,data/1min/1min_805.csv,528.0845942142374,0.01666190102275424,4.355382615518534
806,data/1min/1min_806.csv,745.2877277402303,0.008573751804958549,0.8017491175477516
807,data/1min/1min_807.csv,782.6733267359351,0.007947548701297397,2.2566110510246404
808,data/1min/1min_808.csv,1008.7748830979051,3.633116200734191e-07,0.8785947389982767
809,data/1min/1min_809.csv,955.7156128318139,0.0016484544941722,0.6273712168075348
810,data/1min/1min_810.csv,769.2630851466622,0.007925509323361123,0.793979841968246
811,data/1min/1min_811.csv,894.1535853649164,0.0035312265376804285,0.12309676669999589
812,data/1min/1min_812.csv,794.1421934288699,0.007064831658422012,1.1371637262029934
813,data/1min/1min_813.csv,1001.5745700285656,4.514133777864723e-05,0.2950184585363218
814,data/1min/1min_814.csv,790.4709168926606,0.007096370994426559,0.7864694121421052
815,data/1min/1min_815.csv,429.2362079642711,0.019396904598781663,1.177374532718136
816,data/1min/1min_816.csv,859.8707592661208,0.005019702551098125,1.9848679569618068
817,data/1min/1min_817.csv,1024.1159104155126,0.0003627654294331351,3.4908181941148317
818,data/1min/1min_818.csv,1029.7001203703987,0.00015251576073855588,3.40899815117366
